N,seed,candidate_index,angles_sha256_float64,OT_cost,R_N,lambda_R,weighted_R_N,J_N,objective_grid_points,objective_time_steps,sinkhorn_n_iter,sinkhorn_err_l1,rank_J,rank_R,rank_OT,selected_J,selected_R,selected_OT
24,0,0,4eee846928e7c7b8a74070c67b0fe25d9b7acfbfae8e375c549e19e9b1d63f9b,0.01165175364887647,0.6083373881213554,0.001,0.0006083373881213554,0.012260091036997826,579,721,30,8.76595240839606e-09,57.0,58.0,30.0,False,False,False
24,0,1,61652d7eabba9369ff9397e523450320b7c4b008ad5de5a6ca9bf25ea3b5b292,0.011645141509636046,0.5377945613875598,0.001,0.0005377945613875598,0.012182936071023606,579,721,31,4.8789399187398885e-09,17.0,24.0,11.0,False,False,False
24,0,2,31a5f85abc1383a328ebd8a6d6ce8356652714646137f912579150c203a2c2a3,0.011649008886137067,0.5138414561360257,0.001,0.0005138414561360258,0.012162850342273093,579,721,30,9.679068324608409e-09,8.0,6.0,22.0,False,False,False
24,0,3,de531a77d139765f8f1cd8eec16c1d9c2added6864a8c63eb771d4e8eb66322e,0.011659516315815986,0.5577595152184451,0.001,0.0005577595152184452,0.012217275831034432,579,721,30,9.123444777436873e-09,41.0,39.0,57.0,False,False,False
24,0,4,8d8ebf3f1fdf48c2b68d6e858b02fea307d6185f506a80d9f693ec83bc8fa047,0.01164757403880001,0.5407366807582364,0.001,0.0005407366807582365,0.012188310719558245,579,721,30,9.534136702349372e-09,22.0,28.0,19.0,False,False,False
24,0,5,a1757088135287e9be95e6400a121f0265ed899c97faaedb625eba1ec4dbeed9,0.01165095264734504,0.5101706457808936,0.001,0.0005101706457808936,0.012161123293125933,579,721,30,9.263877776000129e-09,6.0,3.0,28.0,False,False,False
24,0,6,89b3f0601a1da7bccab3a4f9f57c8ff0167b8e8ce96b0587f114cb3bbd0c2de1,0.011649839791730215,0.5221959094035548,0.001,0.0005221959094035548,0.01217203570113377,579,721,30,9.802550771098595e-09,12.0,12.0,26.0,False,False,False
24,0,7,879ce11fcf8ad24ca938441aacf0bbb6f89d92f5573c988cc6fba4b607b94d78,0.01165507534187193,0.5480350175984141,0.001,0.0005480350175984141,0.012203110359470344,579,721,31,4.8488744130992245e-09,35.0,32.0,46.0,False,False,False
24,0,8,032dc8f38905d51ee6e52741c1d99bd776083fa9e376ac3af3c76e826cfba33b,0.01166270812347911,0.5301835833212545,0.001,0.0005301835833212545,0.012192891706800364,579,721,31,5.059830221476602e-09,25.0,16.0,60.0,False,False,False
24,0,9,1f95b42fae409a7fbc1d9c83699aabc2b39904131d38182e1f372454097a6e32,0.011638808718539626,0.5141847156076392,0.001,0.0005141847156076392,0.012152993434147266,579,721,30,9.24306708949274e-09,3.0,7.0,1.0,False,False,True
24,0,10,aeb9c6bff791d72ed6e28e8afad63201e79dff2503a206831fc07bd4aa3eb722,0.011645772867883951,0.6028194539582523,0.001,0.0006028194539582524,0.012248592321842203,579,721,31,5.359168109286827e-09,55.0,56.0,13.0,False,False,False
24,0,11,9534ba43a9d4ea5f25dcff8e7ef3789598ba5a1374b5e0585c1ef9886018a9c5,0.01165344563527976,0.5456418858199472,0.001,0.0005456418858199473,0.012199087521099706,579,721,31,4.897940164561021e-09,32.0,30.0,36.0,False,False,False
24,0,12,17cfe3d9f90fda21aac68224fd802d7720a5cdb577a744211871f35150e72726,0.011656098750667797,0.6541269245711366,0.001,0.0006541269245711367,0.012310225675238934,579,721,31,4.9956226932934555e-09,60.0,60.0,50.0,False,False,False
24,0,13,201de504048dd8cdfdda46bd72ce4c9a3b57f9a84782e7553b0e19ceb5745245,0.01165414480632799,0.6062722629557884,0.001,0.0006062722629557884,0.01226041706928378,579,721,31,5.033778838203773e-09,58.0,57.0,39.0,False,False,False
24,0,14,9677514485d9782d765cfa4a5c4adeedc47cadaff0d6886ffb1a9b8f0a4b984e,0.011659024521533425,0.5678800357878809,0.001,0.0005678800357878809,0.012226904557321306,579,721,30,8.624670422285874e-09,47.0,42.0,56.0,False,False,False
24,0,15,39a675571d4d96e347a14b8f226a2bcde41c0d963815674ee29bc0fc095690c5,0.011652938180812216,0.6376211841263856,0.001,0.0006376211841263856,0.012290559364938601,579,721,30,9.173549364582811e-09,59.0,59.0,32.0,False,False,False
24,0,16,3aef52f4fb2a3c7d3c18540cc69b413a1fec0348164dc9882ca44aa0efcc9ae5,0.011654558718544072,0.5714433036041401,0.001,0.0005714433036041401,0.012226002022148212,579,721,31,5.284589321696842e-09,46.0,44.0,45.0,False,False,False
24,0,17,211b857dd43b0ae824bf1e0b7b1395fbef0e0f06ee392b39cbcafb3c103b0328,0.011641985524269757,0.5758721058245047,0.001,0.0005758721058245047,0.012217857630094262,579,721,31,4.907390160902025e-09,42.0,47.0,5.0,False,False,False
24,0,18,046d9b1bc4e21f34d0be2ea577918e5c9b74a6cce4068646a84ab734cb5ae442,0.01165618172833489,0.5824301620274098,0.001,0.0005824301620274098,0.012238611890362301,579,721,30,9.400320410968277e-09,52.0,52.0,51.0,False,False,False
24,0,19,a8aa56656b5c2075878668ae7cd11e13c8efd12417e0d48e26a8fa03de7af8d7,0.011641962418390559,0.5343606168288038,0.001,0.0005343606168288037,0.012176323035219363,579,721,31,5.47799672290239e-09,15.0,20.0,4.0,False,False,False
24,0,20,5e7af0be3fcf643a1a8043eebb7cd393b96e09d1c94ccb9973a21db42029a2ef,0.011657185725529495,0.5562839370846488,0.001,0.0005562839370846489,0.012213469662614143,579,721,31,5.02853125805558e-09,40.0,38.0,54.0,False,False,False
24,0,21,744224b64d40742fa38542341024712f9b9075772e629755edd7de67fd5d3c1a,0.011647153100512536,0.5771366644970709,0.001,0.0005771366644970709,0.012224289765009607,579,721,31,4.9799221413238115e-09,45.0,49.0,17.0,False,False,False
24,0,22,49a1f11129ec9688a0ab4c2f0a71b98b5ef971b7a10926b72283f8bb649b1d2e,0.011654172966781375,0.5977467346193203,0.001,0.0005977467346193203,0.012251919701400694,579,721,31,4.946923204407483e-09,56.0,55.0,40.0,False,False,False
24,0,23,1d92e87318b11ceaed7bb4d0aae931f4bb8bc86dd2aa928d2cc331e250d17b59,0.011653747524621484,0.539741434172489,0.001,0.000539741434172489,0.012193488958793974,579,721,30,9.1895675513598e-09,26.0,26.0,37.0,False,False,False
24,0,24,0f7c90a2d32c2423cd93a276c672e9e15c5f244020137191690318df9ee6e263,0.011644590779786614,0.5295613167153984,0.001,0.0005295613167153984,0.012174152096502012,579,721,30,8.800227435656893e-09,13.0,15.0,9.0,False,False,False
24,0,25,4069a30cb46b0302c092e55bd56b7160e4c258b435739926c273f42b66eb2409,0.011645369920974697,0.5206849463104545,0.001,0.0005206849463104545,0.01216605486728515,579,721,30,8.741723345195851e-09,9.0,11.0,12.0,False,False,False
24,0,26,0bddf1fa610f3fd928d1b92005f66bd025a7942c5c49937b26fc327082bc27b9,0.01164722562046945,0.5222852758797575,0.001,0.0005222852758797575,0.012169510896349208,579,721,31,5.519012802324141e-09,10.0,13.0,18.0,False,False,False
24,0,27,a8ba0496931c0c775aeca86f76eec166e9e38e1488f8ae5279dcedcece8cf535,0.011643288710687932,0.5647890035368567,0.001,0.0005647890035368567,0.012208077714224788,579,721,31,5.584507190015131e-09,38.0,41.0,6.0,False,False,False
24,0,28,882ac5322c07339db25688615dc640b624d5770eee7da0ba0fa9b06cd8010ae7,0.011660505572300854,0.5246411816285518,0.001,0.0005246411816285518,0.012185146753929406,579,721,31,4.847423462628342e-09,20.0,14.0,59.0,False,False,False
24,0,29,c6a475a0ffe60f9b80da65c6d0d4d9e3e4f6e2ed92440757cba9612946a2750b,0.011646920899432287,0.574997997306983,0.001,0.000574997997306983,0.01222191889673927,579,721,31,5.190788798792312e-09,44.0,46.0,15.0,False,False,False
24,0,30,e23b79c23fb1737cb16a7cf86028b071a13b605ec94cce7b6dd70919d1c3a70b,0.011654488453388689,0.551312692762635,0.001,0.000551312692762635,0.012205801146151324,579,721,30,9.754723029331558e-09,37.0,34.0,43.0,False,False,False
24,0,31,463fe28276c81780362df59da2753d65677e7f747df9d53c7b3d5f0ed6aa029c,0.011660115998662367,0.5340047978679979,0.001,0.0005340047978679979,0.012194120796530365,579,721,30,9.91141890782643e-09,28.0,19.0,58.0,False,False,False
24,0,32,3ae82e963ae4c8b66a242c5418cc8f92dc52371a1083d4c5056f04e3b0066d9f,0.011643357578329348,0.5309511246089441,0.001,0.0005309511246089441,0.012174308702938293,579,721,30,9.986719562427027e-09,14.0,17.0,7.0,False,False,False
24,0,33,40b837d8375d64d03c6a354d29a6dea1eec855611104077bb915fbcccc736a16,0.011655836129657877,0.5840923747257132,0.001,0.0005840923747257132,0.012239928504383591,579,721,31,5.483080434132148e-09,53.0,53.0,49.0,False,False,False
24,0,34,07a917bde324b43aa8a6f9a272829b7fb635c19c51ae18b5df450d89d112d83c,0.01164106995482124,0.5536628199519307,0.001,0.0005536628199519307,0.01219473277477317,579,721,30,9.731269234869444e-09,29.0,36.0,3.0,False,False,False
24,0,35,6d76b153111efef86f497e74ed2958528be60d539efd8d52d6c3f58ce1f2ea1a,0.011649049495097149,0.5105074691262345,0.001,0.0005105074691262345,0.012159556964223384,579,721,30,8.760319358813717e-09,5.0,4.0,23.0,False,False,False
24,0,36,3d128728f751c0b0ab60db0c350319d451a7625f3f24fa0f6d67029201ad3fa6,0.011646211097732213,0.5549131271502484,0.001,0.0005549131271502484,0.01220112422488246,579,721,30,9.486437746453191e-09,34.0,37.0,14.0,False,False,False
24,0,37,95f3579c11c003dbb105ace60fdd7b1179dd7254b2d1e6b581cb9d33fd82c8ef,0.011655835107533923,0.586170677878797,0.001,0.0005861706778787969,0.01224200578541272,579,721,30,9.924948196626815e-09,54.0,54.0,48.0,False,False,False
24,0,38,5883f79213461fb6fb22233d9d5cd3fc691539fa84cb0d2da1459772c5e2269b,0.011644016842610572,0.518406887383642,0.001,0.0005184068873836421,0.012162423729994213,579,721,31,4.991569158008247e-09,7.0,8.0,8.0,False,False,False
24,0,39,4e0640e6db79fc9ff15a92dfc22f69389c33958854af7aeedc8c7736a69baf32,0.01164094947874305,0.5792346526400998,0.001,0.0005792346526400998,0.01222018413138315,579,721,30,9.744326234795153e-09,43.0,50.0,2.0,False,False,False
24,0,40,631526353efc0527a2366aac5436672a1b30d3cba0a63f6f52f8ac5109aa7445,0.011645006274065343,0.5108234086793785,0.001,0.0005108234086793785,0.012155829682744722,579,721,31,5.06310871006832e-09,4.0,5.0,10.0,False,False,False
24,0,41,f61d5cec04b4ab6e4c9e2b407910c11d2e2f6d277b385614ebe74fc70b65ec25,0.011648446611132474,0.535025733976783,0.001,0.000535025733976783,0.012183472345109258,579,721,31,5.593849716767352e-09,18.0,21.0,21.0,False,False,False
24,0,42,9db2394757fe6e6ba6d4bf8f3c48120d19d267361213e4a69e92a20f4f095684,0.011656547655305922,0.5737499717073609,0.001,0.0005737499717073609,0.012230297627013283,579,721,30,9.194408789880981e-09,50.0,45.0,52.0,False,False,False
24,0,43,ce4b4ab6d0b5376c92477d764275afd87345ca09cf73728fb75b1d741c213260,0.011654210380264093,0.5376286170193787,0.001,0.0005376286170193787,0.012191838997283471,579,721,31,5.064725749903687e-09,24.0,23.0,41.0,False,False,False
24,0,44,ed67acadebb3adf22ec989160a8e2017c24345ddce07838d5afddb0e817bdda5,0.011649368678194745,0.4923024491207177,0.001,0.0004923024491207177,0.012141671127315463,579,721,30,9.024246239164313e-09,1.0,2.0,25.0,True,False,False
24,0,45,b2190fc8794fa3cc147b5d29b862fde938b436cd3da3bb6a165577554b282d4f,0.01164698257622972,0.5397306304721474,0.001,0.0005397306304721475,0.012186713206701867,579,721,30,9.624165131505436e-09,21.0,25.0,16.0,False,False,False
24,0,46,97f98ee8d17b1a16b2fda6fa50a82cd80a468066a7f375e7a6bddad19e0d6da6,0.011647866103288152,0.5634661625287817,0.001,0.0005634661625287817,0.012211332265816935,579,721,31,4.894731286952947e-09,39.0,40.0,20.0,False,False,False
24,0,47,8eae663c25516d3587b40b3bcff1d05ddb619218dbe5abd6fa1c70d2fc862051,0.011652993277677774,0.49178411296282,0.001,0.00049178411296282,0.012144777390640593,579,721,31,4.914371576347776e-09,2.0,1.0,33.0,False,True,False
24,0,48,9e72b2d10dca9272fef469a23e9accc2dd37e5dff6ba266a01112eff813f9ffe,0.011655277187144895,0.5356731039286692,0.001,0.0005356731039286692,0.012190950291073565,579,721,31,5.2172195452726555e-09,23.0,22.0,47.0,False,False,False
24,0,49,02eac12f4fbaa8dccd1760e0af2058b109e9fb0f4f118ddd4c20a9c4c4717924,0.011650735088999954,0.5491688671699303,0.001,0.0005491688671699303,0.012199903956169884,579,721,31,4.973361167337487e-09,33.0,33.0,27.0,False,False,False
24,0,50,2b4058abb364011bef9f5ffd43faa7389636248676325385046f944d4f595afa,0.011650980507969736,0.5188060532130455,0.001,0.0005188060532130455,0.012169786561182781,579,721,30,9.600603201320723e-09,11.0,9.0,29.0,False,False,False
24,0,51,ec870a14fce7efc99aa88b9d492a5bc48a38231e0b7c250bd7f4456d37ec0b4f,0.011653334150050685,0.5514154690497993,0.001,0.0005514154690497993,0.012204749619100484,579,721,31,5.077550935261854e-09,36.0,35.0,34.0,False,False,False
24,0,52,c1275e4d051c164d94d6d410a6c2993c8653459885e6e2391c6ba5a15f0695a2,0.01165429417624058,0.5805861783532894,0.001,0.0005805861783532894,0.01223488035459387,579,721,31,5.588455254113001e-09,51.0,51.0,42.0,False,False,False
24,0,53,cb4b89c34c531faa7542c1c5750534592fb307fc70b5d48b7944446495f187b1,0.011654512036729443,0.5421370859667407,0.001,0.0005421370859667407,0.012196649122696183,579,721,30,8.90681794984971e-09,31.0,29.0,44.0,False,False,False
24,0,54,053b684fb64409a294c94bfee83db8db25b4364b36468146d48cf38cfd09b163,0.011657054823480758,0.5710165270187251,0.001,0.0005710165270187251,0.012228071350499482,579,721,30,9.96261506625018e-09,48.0,43.0,53.0,False,False,False
24,0,55,5343e9268bf55b3806327c7d53390a2f656eb2fa911a3e2dabf984495de72028,0.011649352828346823,0.5470307217800807,0.001,0.0005470307217800807,0.012196383550126904,579,721,30,9.82111514336026e-09,30.0,31.0,24.0,False,False,False
24,0,56,2fdba7e41e2abafc1206e3d8b953fd9fae94fd58f56b897f02341c6ae5fd0b30,0.011653422320087271,0.5405857632717769,0.001,0.0005405857632717768,0.012194008083359048,579,721,31,5.481777032301238e-09,27.0,27.0,35.0,False,False,False
24,0,57,6c4e7f2bfc4fdb5a95a6575220e0fb9d3791f70ce00637df9c3c4029967909b0,0.01165746347101981,0.5196823235180302,0.001,0.0005196823235180302,0.01217714579453784,579,721,30,9.065850625766814e-09,16.0,10.0,55.0,False,False,False
24,0,58,73945c3b935e9129d745cc2b14c21a28d017a645e02377eb37e2f6a2efed3070,0.0116539865091028,0.5310557538952674,0.001,0.0005310557538952674,0.012185042262998068,579,721,30,9.2889166358745e-09,19.0,18.0,38.0,False,False,False
24,0,59,e1f063a4106c9825dcf1f83b396f2fefbacc598be564d2c73388c5878ce93382,0.011652182495629325,0.5761142573727182,0.001,0.0005761142573727182,0.012228296753002042,579,721,30,9.684939961118744e-09,49.0,48.0,31.0,False,False,False
24,1,0,e8c0d73273fb87cf529ce05f8c0faca3f9245868d78b74a67ac9c8d2a94fceca,0.01164983261862158,0.5726136427364491,0.001,0.0005726136427364492,0.012222446261358029,579,721,30,9.437864156858211e-09,42.0,45.0,24.0,False,False,False
24,1,1,f45bba98f425af2c83cd54005a522d53616b4824d23b3a4f7d5b49d524137c5c,0.011656159015327001,0.5472141946585496,0.001,0.0005472141946585496,0.01220337320998555,579,721,30,9.746682350098013e-09,35.0,29.0,45.0,False,False,False
24,1,2,488c6163d2ac2a4deceffd37c437a07444cb0dfc3989c0e18420c4978cb402f4,0.011651066503257186,0.5187697645084491,0.001,0.0005187697645084491,0.012169836267765634,579,721,31,5.058965135695814e-09,12.0,12.0,29.0,False,False,False
24,1,3,121e9d8a70291ffded576c26b107f8319b904e434222b0c1115ae0039b7b11c9,0.011662727846282044,0.5712675321968288,0.001,0.0005712675321968288,0.012233995378478872,579,721,30,9.827401670214897e-09,47.0,44.0,56.0,False,False,False
24,1,4,d1e150b29e4a8f7f56f2b871b40f10b373affd9b0dfe32800e5a8a283d4705b5,0.011647550457214129,0.5151589393695759,0.001,0.0005151589393695759,0.012162709396583704,579,721,31,5.2485275015001776e-09,6.0,10.0,16.0,False,False,False
24,1,5,a33ac64be6b5407b2b6a803ab5be11a77ab0603ebb43c49f350ef35bca0cc929,0.011645094104882632,0.5527265137253352,0.001,0.0005527265137253352,0.012197820618607967,579,721,31,4.890056248818553e-09,30.0,34.0,7.0,False,False,False
24,1,6,3bf5ae602f81cb9ba832dad27cf3e4e236ddb8e2df1a61d6c001df64549c5af0,0.011647160724782935,0.5618683424760588,0.001,0.0005618683424760588,0.012209029067258993,579,721,31,5.2285117346784205e-09,37.0,39.0,14.0,False,False,False
24,1,7,8f38b0608091070edbd3c4e2b678cbf9dd90dd42615429e733be24dffae14d5f,0.011647090434488317,0.5681595461138348,0.001,0.0005681595461138348,0.012215249980602153,579,721,30,9.423118507712047e-09,40.0,43.0,13.0,False,False,False
24,1,8,b27795ea6ee034585995a86b2b4e6380c1c3c9bf520968010b059822bc175c38,0.011661586598092619,0.5657254296149337,0.001,0.0005657254296149337,0.012227312027707552,579,721,30,8.453099331617864e-09,43.0,41.0,54.0,False,False,False
24,1,9,68ff124f7357452e11a02d262967ed50995db02883829c4ee459477e623ca495,0.011647911875628253,0.5075913401780567,0.001,0.0005075913401780568,0.01215550321580631,579,721,30,8.059451661601713e-09,4.0,4.0,18.0,False,False,False
24,1,10,0fe6391f6bb32906431d4766c67e35cde5af5a77d138d38ff64b3325ad2f16f5,0.011649379956786127,0.5015099312190792,0.001,0.0005015099312190792,0.012150889888005207,579,721,31,4.883102033836906e-09,3.0,2.0,23.0,False,False,False
24,1,11,08b9e9164c061f604695adac3f5bec9da2aa60f29457928bb4b26719685e6023,0.0116517719256582,0.5286024014730047,0.001,0.0005286024014730048,0.012180374327131205,579,721,31,4.987950386059481e-09,16.0,14.0,31.0,False,False,False
24,1,12,af7c0e369bb7b270d2fe5446c6dd1c3739b058d01f53d9a23f2b82380eac819f,0.011650037978813555,0.6035708107746179,0.001,0.0006035708107746179,0.012253608789588172,579,721,31,5.895832377866839e-09,52.0,53.0,25.0,False,False,False
24,1,13,0a95793d85205b57202fa5dd9cdac127cabfa55ef8623797866cdeffe9e839fc,0.011650773202831961,0.5800217350197094,0.001,0.0005800217350197095,0.012230794937851671,579,721,31,4.873920267378651e-09,46.0,47.0,28.0,False,False,False
24,1,14,9191ac37fe916be3738d95160c9906bab85edad1472099489751eeb1c3045bb5,0.01166647089675121,0.6075726841617513,0.001,0.0006075726841617512,0.01227404358091296,579,721,30,8.202923340583368e-09,56.0,55.0,59.0,False,False,False
24,1,15,d706bf716d30a7df966f015a88b70cffe95f692a5ec7e3e3994dfe7542f5bf0d,0.011643521944350829,0.5581497619836503,0.001,0.0005581497619836503,0.01220167170633448,579,721,31,5.359398258519832e-09,33.0,38.0,4.0,False,False,False
24,1,16,88b0c2d2b0227516c48f3e703509cbb325c15895341506c4101c235b3ac8c9bb,0.011662189674966504,0.5671851538535297,0.001,0.0005671851538535297,0.012229374828820035,579,721,31,5.10855113766695e-09,45.0,42.0,55.0,False,False,False
24,1,17,e1ea3f8cc6d3050cf580207a936839960e643f81242bb3b306b0de87d3a7174f,0.011665727554025907,0.5831249447976868,0.001,0.0005831249447976869,0.012248852498823595,579,721,30,9.487878260827642e-09,50.0,49.0,58.0,False,False,False
24,1,18,a8600892df19e4bdfa62a4d53ec8f86bd612654f362d6baa120c5755c96548db,0.01164707618280767,0.5399891163505939,0.001,0.0005399891163505939,0.012187065299158263,579,721,31,5.5081174066273775e-09,19.0,22.0,12.0,False,False,False
24,1,19,7480f0ac564dc67e60363f2a1f04582db9cbdc3887e254bb18c74c847acf961c,0.011648419706904832,0.5128580745432005,0.001,0.0005128580745432005,0.012161277781448033,579,721,31,5.10674591502891e-09,5.0,8.0,20.0,False,False,False
24,1,20,a230b033da074492f00665bc39d336943889cc176bb207bbc98ec5c12feb005c,0.011653039656756002,0.5120381282690041,0.001,0.0005120381282690041,0.012165077785025007,579,721,30,9.686004776021662e-09,7.0,6.0,34.0,False,False,False
24,1,21,9101d213434bc8af3924b80ba7dee101ca5430c15d0aec4e82e1a2058f647714,0.011659292210500521,0.5214242155821953,0.001,0.0005214242155821954,0.012180716426082717,579,721,31,5.2658499782864965e-09,17.0,13.0,50.0,False,False,False
24,1,22,a88b03db2a84c9d5103138b7302bde3b3779ab2fb9a9616d2b6837ba7029dd88,0.011655820205106786,0.5538976492082549,0.001,0.0005538976492082549,0.01220971785431504,579,721,31,4.902679817675448e-09,38.0,36.0,44.0,False,False,False
24,1,23,1af935af403f0c6be250fbcd44c0c6fb0d5a62ae55cb408c3cb31b7813bac30c,0.011648566455126618,0.5179573354968386,0.001,0.0005179573354968386,0.012166523790623456,579,721,31,5.26181820337257e-09,8.0,11.0,21.0,False,False,False
24,1,24,147fa0885dac71b82ba8228b89061f7708962c3ea6dab4963e6db1c6541d719f,0.011665020729249588,0.5478884807982918,0.001,0.0005478884807982918,0.01221290921004788,579,721,30,9.543421053415102e-09,39.0,31.0,57.0,False,False,False
24,1,25,47ed566837a6211feb32a28f90b0383ee88ae06d8acc98fb4673f0dbc5ff1020,0.011653789931729186,0.5429295388508745,0.001,0.0005429295388508744,0.012196719470580061,579,721,30,9.94209148341696e-09,28.0,24.0,36.0,False,False,False
24,1,26,487c3a9587fed53416b5553ede424db3977d9f72eebeb98f2e9c6879de45a48b,0.011654670426009145,0.5120627042290172,0.001,0.0005120627042290172,0.012166733130238163,579,721,30,9.517964860705774e-09,9.0,7.0,40.0,False,False,False
24,1,27,269136351f21f11809217d38a8cebe2cd47e69b90baf7d4bce4b5c83afeab9f1,0.011660760274731303,0.5364201400689501,0.001,0.0005364201400689502,0.012197180414800253,579,721,31,4.8615999004297805e-09,29.0,20.0,53.0,False,False,False
24,1,28,69872055f212ca3daed38901414e33246235567ff611dca3bc11f118a16106ff,0.011634956584693849,0.5538750444418636,0.001,0.0005538750444418636,0.012188831629135713,579,721,31,5.145292525376988e-09,21.0,35.0,1.0,False,False,True
24,1,29,d87f03f36cea19899bcb02f2860fb7453c3db1fd6f3778752ca743f2ee758b2c,0.011644346623056188,0.5044061760027088,0.001,0.0005044061760027088,0.012148752799058898,579,721,30,9.415786594857423e-09,2.0,3.0,5.0,False,False,False
24,1,30,be199373ae100877ac96dca9a5566d9d80614b5d857f0906b45a95e38a741500,0.011660107946814473,0.5094033561185309,0.001,0.000509403356118531,0.012169511302933004,579,721,31,5.224432331196738e-09,11.0,5.0,52.0,False,False,False
24,1,31,946eebc4c60f689540becbef2382f4767f675c8bc5d91ef04fcb8e93d5693ec7,0.011657971044434456,0.5999083939360087,0.001,0.0005999083939360087,0.012257879438370464,579,721,31,5.068113706485633e-09,54.0,52.0,49.0,False,False,False
24,1,32,36f175b54676d0fd688c130d97c25f768a9e52b627b83dd9df4a61037f8c3411,0.011652285629245956,0.5339966681346237,0.001,0.0005339966681346237,0.01218628229738058,579,721,31,5.242208778177826e-09,18.0,18.0,33.0,False,False,False
24,1,33,98b82825a99f8f7d59b67c4e6b0bf8a9d46efabf1416185394e32547aa2448b9,0.011656234023348892,0.5361110536289524,0.001,0.0005361110536289524,0.012192345076977845,579,721,31,5.02203723051764e-09,26.0,19.0,46.0,False,False,False
24,1,34,3d674efa36cdf7ae69a2d21ee1f6a8a70b97795b221cca49f3d9886899e873c6,0.011646673894091948,0.5421988805436239,0.001,0.0005421988805436238,0.01218887277463557,579,721,30,8.719840849380489e-09,22.0,23.0,11.0,False,False,False
24,1,35,43006774f4dab948b21a4188901ddddf23cbdce70b2f5ca359ec419468fd3442,0.011648318784281306,0.5522536059024837,0.001,0.0005522536059024837,0.01220057239018379,579,721,30,9.881408469247788e-09,32.0,33.0,19.0,False,False,False
24,1,36,6298fb1020398a3551ae45d19619846b25fc53f14791d9d4d34da68053098fe7,0.011654868384156488,0.6371656408394937,0.001,0.0006371656408394936,0.012292034024995981,579,721,31,4.926765884150086e-09,58.0,59.0,42.0,False,False,False
24,1,37,33aa87f71d415142f7953965d06167b196b1750565f201d77c47b5e436bf0938,0.011653819168028918,0.5752895811095609,0.001,0.0005752895811095608,0.01222910874913848,579,721,31,5.210722409110247e-09,44.0,46.0,37.0,False,False,False
24,1,38,3f5f35b24faa46dc9584de71e168df1ead0a1a07b19bb8bbd5bacf9ea5b221f1,0.01164598578716667,0.5443857828433756,0.001,0.0005443857828433756,0.012190371570010045,579,721,31,5.191307050900207e-09,23.0,26.0,10.0,False,False,False
24,1,39,0585b79f43920cf4d03f52a12da8b4c7f9144549f83c4a0467f70264e27b6ed8,0.011640482369063745,0.5508647669942449,0.001,0.0005508647669942449,0.01219134713605799,579,721,31,5.414104387035934e-09,25.0,32.0,3.0,False,False,False
24,1,40,cc1e64a29a4dd415d816517fa21f2542562740f52036499a5454a7c74424647b,0.011653986305316203,0.6035797092184797,0.001,0.0006035797092184798,0.012257566014534682,579,721,31,5.4006977778797705e-09,53.0,54.0,38.0,False,False,False
24,1,41,634bf8b18bcd58c55eb91ea0803750360bca23c0166fb3ade7560137ff98dae3,0.011650644155673285,0.5441612273829454,0.001,0.0005441612273829454,0.01219480538305623,579,721,31,4.8929599261171575e-09,27.0,25.0,27.0,False,False,False
24,1,42,9bb0ab04c74fe66eb17951733a670accb8e5724636f4a21b39c948c1635d9fde,0.01165224960389623,0.5460664300709134,0.001,0.0005460664300709133,0.012198316033967142,579,721,30,9.84308956564206e-09,31.0,28.0,32.0,False,False,False
24,1,43,bacfe0fb990d6a064b71b407a64562c139916bac8c30d0856228c0e9bccd3daa,0.01165549008165922,0.5146705197874766,0.001,0.0005146705197874766,0.012170160601446697,579,721,30,8.558178721251863e-09,13.0,9.0,43.0,False,False,False
24,1,44,795f268e7dc4efa8675b737b11aebd4628d7c1df56d864a3cfe7458885e0aec6,0.011659869071240643,0.5803580802323182,0.001,0.0005803580802323182,0.012240227151472962,579,721,31,5.574449013501237e-09,49.0,48.0,51.0,False,False,False
24,1,45,93ea4f5e7fa5177745973cbaf1a959c7e8fbc62d3c73ba5330c2d8330c70809e,0.011657763743855009,0.5927871934787234,0.001,0.0005927871934787235,0.012250550937333732,579,721,31,4.9220983955322595e-09,51.0,51.0,48.0,False,False,False
24,1,46,f7cf9b443d455c93098834b87cfd2e9fcb6489d0706c2196976e6f6578c9f8e0,0.01165022715986561,0.4835951674509947,0.001,0.0004835951674509947,0.012133822327316603,579,721,30,9.737606498916307e-09,1.0,1.0,26.0,True,True,False
24,1,47,523e68766b98048505f2fa2fcf0a0303ac728e30c304d96fa1dc54b528491cb6,0.011639399324603818,0.528961264217286,0.001,0.000528961264217286,0.012168360588821104,579,721,30,9.316848847973347e-09,10.0,15.0,2.0,False,False,False
24,1,48,327d987e8d40274c513e608b90ce7e6bf83d8a7d90a003a2667ffcfb02daa1b9,0.011651600738239652,0.5871543659858177,0.001,0.0005871543659858177,0.012238755104225469,579,721,30,9.895635977308359e-09,48.0,50.0,30.0,False,False,False
24,1,49,7d935e848c859c19275f7fa26021cfa3c132a3e3a10bf79bbaa2ce0dd6803e75,0.011644774440544842,0.5457354111317045,0.001,0.0005457354111317045,0.012190509851676547,579,721,30,9.695095504191897e-09,24.0,27.0,6.0,False,False,False
24,1,50,4e6c7d6d069e2064e867b596727a1a9a5073d3ba1a6dd491b31f75bcb1856ca3,0.011645099729983201,0.7007906454926475,0.001,0.0007007906454926475,0.012345890375475848,579,721,30,8.887219182796002e-09,60.0,60.0,8.0,False,False,False
24,1,51,15d819f3ee38c080eea73f3f9228f6645c3b210a83e7ed6ba57dda2031733f51,0.011656920854827887,0.6228479281323868,0.001,0.0006228479281323868,0.012279768782960273,579,721,30,9.92418380807436e-09,57.0,58.0,47.0,False,False,False
24,1,52,45e0ede0b4aa8b0dbc96af2956f821f58ae9122d50386a501d4f78ca8770a3b5,0.01164747073526764,0.5399247548689617,0.001,0.0005399247548689617,0.012187395490136602,579,721,30,8.97029617252798e-09,20.0,21.0,15.0,False,False,False
24,1,53,9a2ab3f2c4b81642c7fcea771fd31e065acb1e70b4b23633400d2b9c26717d7f,0.011654016800982025,0.6185382251577289,0.001,0.0006185382251577289,0.012272555026139755,579,721,31,5.214257803309863e-09,55.0,56.0,39.0,False,False,False
24,1,54,aeb4611c2b226aa09d88871a0c6c6d292dec1b6f9a8105ce745b793b2a11cea3,0.011645196740923795,0.532891457996889,0.001,0.000532891457996889,0.012178088198920684,579,721,30,8.79440409384813e-09,15.0,17.0,9.0,False,False,False
24,1,55,759920f1b95c9fd02ce951b969b0749f4017b507118249be0d6c849fdc3bd2c6,0.011674059103735895,0.620769043302228,0.001,0.0006207690433022281,0.012294828147038124,579,721,30,9.501670117373351e-09,59.0,57.0,60.0,False,False,False
24,1,56,940b136e93d4cb31c25affa220578449211702c58100e473429a04ca7ba45749,0.01164883667900132,0.5557373326034981,0.001,0.0005557373326034982,0.012204574011604817,579,721,31,4.875111314639469e-09,36.0,37.0,22.0,False,False,False
24,1,57,d571a88a5b715a7ddc1331d0dcd4b41b74bd92ded81d2cba9b7ea0be4337c0ec,0.011647785254872839,0.5294268640365002,0.001,0.0005294268640365002,0.012177212118909339,579,721,31,5.217750786989939e-09,14.0,16.0,17.0,False,False,False
24,1,58,1a41814c63770a11955dd26b7eb7dbd5234aa1c2d3b8b0def0817bd9310ed33e,0.011653383448523938,0.5630867092989835,0.001,0.0005630867092989836,0.012216470157822922,579,721,30,9.64384128110396e-09,41.0,40.0,35.0,False,False,False
24,1,59,05f96bb8b1603e00e2937dc0f150425d7455f1242d82df2bbd21ca9d98d74166,0.011654720541010074,0.5473909757308931,0.001,0.0005473909757308931,0.012202111516740968,579,721,30,9.207802853516966e-09,34.0,30.0,41.0,False,False,False
24,2,0,6be2c6b3e07b5ad731371d9de79ea7fdadfe01785394fef180c00a1550e0d249,0.011654708228079106,0.5242790849898075,0.001,0.0005242790849898075,0.012178987313068913,579,721,31,5.160594396258489e-09,13.0,11.0,46.0,False,False,False
24,2,1,2a217cbf54195d98c6dab8387175e6565aff79e44374f7a659d9a9d89f2aaee9,0.011656005048448183,0.5959184438628206,0.001,0.0005959184438628206,0.012251923492311004,579,721,31,5.2135922246066e-09,53.0,52.0,50.0,False,False,False
24,2,2,e988bf7f81cb84b1f7f969ab70b76526fcf2c0d2067914f42228836627479c99,0.011644188432697837,0.6126441565182514,0.001,0.0006126441565182515,0.01225683258921609,579,721,31,5.2497555191877154e-09,55.0,56.0,7.0,False,False,False
24,2,3,4ad43fa9e339e9961d4913b956aa48da2815e0c4bc181097b010de631c66c637,0.011640965056022091,0.5611067340545481,0.001,0.0005611067340545482,0.01220207179007664,579,721,31,5.115936008159849e-09,33.0,38.0,3.0,False,False,False
24,2,4,3d8ad0f459e2a12f6d43ae8b4b663355608be408242ac0a9cf5929997e1b0e36,0.011648073275080327,0.527496219854861,0.001,0.000527496219854861,0.012175569494935187,579,721,31,5.119574875145361e-09,10.0,13.0,18.0,False,False,False
24,2,5,e64bd76dbeeae9b07c9e861f6fb4f49c33c82ad396605181b851a18c037abf91,0.011657265557100064,0.5575638687624044,0.001,0.0005575638687624044,0.012214829425862469,579,721,30,9.565690795021453e-09,40.0,35.0,54.0,False,False,False
24,2,6,5b9ddff72194e035c2b401c31a07a51ffccc2983c04ab5444421187221bfa46a,0.011652865061801899,0.5316596066076117,0.001,0.0005316596066076117,0.01218452466840951,579,721,31,5.090098897930773e-09,17.0,16.0,40.0,False,False,False
24,2,7,d61d77a764ed3bb18214a24129cc022d8c25175051db6671198da3717b71ff7b,0.011651170993474845,0.5314407041552469,0.001,0.0005314407041552469,0.012182611697630092,579,721,31,4.890731708506735e-09,16.0,15.0,35.0,False,False,False
24,2,8,f7e9d58d8261bc377d9d62a68983545601d988f9c88478be211dd4a4d975c166,0.011663258201184863,0.5844376406337823,0.001,0.0005844376406337824,0.012247695841818645,579,721,30,8.749141522379489e-09,52.0,49.0,58.0,False,False,False
24,2,9,5618656f535481adce38c7edacafac09d79244a89f346141ce9cae46feaca8f2,0.011647629378225218,0.5337359642562906,0.001,0.0005337359642562906,0.012181365342481508,579,721,30,9.495573993767437e-09,15.0,18.0,16.0,False,False,False
24,2,10,e29188df492300e4be9a4f188b87e0fdca44d7418fb3850f3388fbef06731ed9,0.011648233009991753,0.5814108735302306,0.001,0.0005814108735302305,0.012229643883521983,579,721,31,5.158656279924401e-09,46.0,46.0,21.0,False,False,False
24,2,11,6e29d0b5b53985c3777f050c7e43fef14a65632c10c16b1e457b5ecc0858ac99,0.011649355997861944,0.5944083759834122,0.001,0.0005944083759834122,0.012243764373845356,579,721,31,4.864123548387056e-09,49.0,51.0,28.0,False,False,False
24,2,12,4ed62b5b8e61e17d109268d31a3edd9f1ade4d86884605ab5018c196a4b75336,0.011653020925876577,0.5935178331254621,0.001,0.0005935178331254622,0.01224653875900204,579,721,30,9.445276560882121e-09,51.0,50.0,43.0,False,False,False
24,2,13,eacb68e15f62d285c79afd9af6c42a79ad65b52d6c0dad48a878d933f9e4de65,0.011648227666499313,0.5701327546694522,0.001,0.0005701327546694523,0.012218360421168766,579,721,31,5.444973694146427e-09,41.0,44.0,20.0,False,False,False
24,2,14,e44d0eedf473f63ea5c9dc04fce3d788258dbb7480c2f8e334b9c7da470bbb48,0.011644937947655486,0.6608857404583584,0.001,0.0006608857404583584,0.012305823688113844,579,721,30,9.685810264947747e-09,59.0,60.0,9.0,False,False,False
24,2,15,f30388f5a6eb66593d77ed7395c63ff398d311beaf2bddebd8d21461a48afdf5,0.011649070254370475,0.5613020353162661,0.001,0.0005613020353162661,0.012210372289686742,579,721,31,4.975439060750375e-09,37.0,39.0,27.0,False,False,False
24,2,16,e19a2eba45c08e60bf81d06d88673ab74a55cb48e1b14407eca901acfcfe19ea,0.011655607183225667,0.5195626936577684,0.001,0.0005195626936577684,0.012175169876883435,579,721,30,9.366795339360579e-09,9.0,8.0,47.0,False,False,False
24,2,17,8834d5639b25e3ba61919f39a8585ddc5ce25b9e33f8d1268ce4a46707d3e0f3,0.011652951990505847,0.5686363996799929,0.001,0.000568636399679993,0.01222158839018584,579,721,30,9.882861307097812e-09,42.0,42.0,42.0,False,False,False
24,2,18,a943056bd1fbd45acd8f7bbe035ae7e3e8282be183d9d21070dad1059c77b0d5,0.011645557603536695,0.5985203015161285,0.001,0.0005985203015161284,0.012244077905052823,579,721,31,4.885668314358327e-09,50.0,53.0,12.0,False,False,False
24,2,19,7c8a42a60b12a20a4928be5be3900d7b66c42a0c9b114a5f637b5f3082cf9662,0.011646771264177168,0.5391557781808334,0.001,0.0005391557781808334,0.012185927042358002,579,721,30,9.182741345092893e-09,21.0,21.0,14.0,False,False,False
24,2,20,7594116388fd0e852a3069e15e1d3e36b2c75762d899ea47afeb9f4040780116,0.011641221996362491,0.5827812121972815,0.001,0.0005827812121972815,0.012224003208559773,579,721,31,4.9644878208354726e-09,44.0,47.0,4.0,False,False,False
24,2,21,67ad0da793fab165b2224415773980a7e6894d485b88b33c9444b15ee7f7729b,0.01164323348833379,0.5420204226280234,0.001,0.0005420204226280234,0.012185253910961813,579,721,31,4.8947902397955545e-09,18.0,25.0,6.0,False,False,False
24,2,22,79f7f7fd8d37ed9e671fa4275f153c3c156e166faa9719aa441e44c71cb520af,0.011642631203836611,0.640413692140389,0.001,0.000640413692140389,0.012283044895977,579,721,30,9.666743183700532e-09,58.0,58.0,5.0,False,False,False
24,2,23,ad53a60a950637861f2df26a30b1f911cadb49625f341479020e6d134e75c8fc,0.011646739155675583,0.5288810828895877,0.001,0.0005288810828895877,0.012175620238565171,579,721,30,8.966482667460696e-09,11.0,14.0,13.0,False,False,False
24,2,24,31dce2314f0ffa5a34dcfb698c13ff1b0795588edd3741449ae768ff7ee1df82,0.011651226953977063,0.5592124845648847,0.001,0.0005592124845648848,0.012210439438541948,579,721,30,9.534677269940062e-09,38.0,36.0,36.0,False,False,False
24,2,25,2b63c510f9feeb81081530ee572ccae0284a8d253c8a37034bdef562c04e8f83,0.011652946017509845,0.499765770188459,0.001,0.000499765770188459,0.012152711787698304,579,721,30,9.457017280389834e-09,4.0,2.0,41.0,False,False,False
24,2,26,bc5e9557435c6e2dcef931a369e0050ef16e8a2f3ac2afbd2b6026ee6191a8f4,0.011637161013616556,0.5148175711588997,0.001,0.0005148175711588997,0.012151978584775456,579,721,31,5.07326813892206e-09,2.0,6.0,1.0,False,False,True
24,2,27,783595885f3c2a00231219641b71920c0276ba8c65acd12324d518768f5f06be,0.011656158705815019,0.5375913738200614,0.001,0.0005375913738200614,0.012193750079635081,579,721,31,5.5705009494033675e-09,26.0,20.0,51.0,False,False,False
24,2,28,373b6e9c0f6117807e08abf9ca8d71428935100307e91129b8bbbd8bf5263d9d,0.011648561932091227,0.559507853277136,0.001,0.000559507853277136,0.012208069785368363,579,721,31,4.931351771375603e-09,35.0,37.0,23.0,False,False,False
24,2,29,49c702d3482cf2407db7d530017e44488d56e99044b057bf6625a69c59052286,0.011652799804821323,0.6053836649326089,0.001,0.0006053836649326089,0.01225818346975393,579,721,31,5.1101244347151464e-09,56.0,55.0,39.0,False,False,False
24,2,30,6582dfa95e98d08887bc0388e20b73007e41fec50748972462c1c4859ff813ad,0.011649010716760463,0.5400027227867111,0.001,0.0005400027227867112,0.012189013439547175,579,721,30,9.275511358985966e-09,22.0,22.0,26.0,False,False,False
24,2,31,c2d142f310ea938a0e4730e175087d28c87e339ec2dab6f20ca505df3832f9fa,0.01164789067590385,0.5322813684116454,0.001,0.0005322813684116454,0.012180172044315495,579,721,30,9.896054642410945e-09,14.0,17.0,17.0,False,False,False
24,2,32,4e45983cf0aa2787fe5c279546c06a35fdb796165b7690e4f406f92d94e4b854,0.011648399238901824,0.5102460666498125,0.001,0.0005102460666498125,0.012158645305551637,579,721,30,9.483400398302422e-09,6.0,5.0,22.0,False,False,False
24,2,33,9da78646a4e9faa4c1bc36fae678517eeb68b2ddb95d49dadd4a8e576f8470a3,0.011649772339974546,0.5207696188605664,0.001,0.0005207696188605664,0.012170541958835112,579,721,31,4.917673601667616e-09,8.0,9.0,29.0,False,False,False
24,2,34,1b16a370fb4d41a7f5cc9651c720f0e29cff2ab19f69e70a2ef7b88d3f83bec9,0.011663265133440142,0.5373337527267074,0.001,0.0005373337527267073,0.012200598886166848,579,721,30,9.530886968533991e-09,31.0,19.0,59.0,False,False,False
24,2,35,56fa5b6e848ee436da4146e4aa4dbb913bbef8e91df835cbe1eb6e143df6106d,0.011650954904256024,0.5479332862905991,0.001,0.0005479332862905991,0.012198888190546623,579,721,31,4.949137322185493e-09,28.0,31.0,34.0,False,False,False
24,2,36,83f373c6588d7be04f4b15c240f86728053215de2205e153ec14750b48c2df9f,0.011645525223417325,0.5166242180787138,0.001,0.0005166242180787139,0.012162149441496038,579,721,31,5.247773660066457e-09,7.0,7.0,11.0,False,False,False
24,2,37,7deef8342bcff235a5725de2d39ed358c73abda9f1f82e7a9b9190860d99e1cf,0.011650769469241203,0.5835391199303694,0.001,0.0005835391199303695,0.012234308589171572,579,721,30,9.121811972434557e-09,47.0,48.0,33.0,False,False,False
24,2,38,b3d2955a3a83934ed12ef5507406ee2d339756db2d123376615e1ac6c94731c8,0.01164090323484503,0.5444132572331135,0.001,0.0005444132572331135,0.012185316492078144,579,721,30,9.853157179051664e-09,19.0,29.0,2.0,False,False,False
24,2,39,582a0a9d95934bba2a7ceda898f0c60536529b40e538bfc4de8e4ec42d606fa9,0.011660781367922672,0.5251066108072735,0.001,0.0005251066108072735,0.012185887978729945,579,721,31,5.028266358841904e-09,20.0,12.0,56.0,False,False,False
24,2,40,41a7c036977f4e865b366b9ec41da55f47a31b8568055e93854ba4310b74e264,0.01165208540373719,0.5020207491501895,0.001,0.0005020207491501895,0.012154106152887381,579,721,31,5.1667398137666964e-09,5.0,3.0,37.0,False,False,False
24,2,41,62bac0b31a809bec9c5da6d718575a832a6d4755df9ba779d8962e1846c9ec7a,0.011647104633260547,0.5443342636570866,0.001,0.0005443342636570866,0.012191438896917633,579,721,30,9.439173331848849e-09,23.0,27.0,15.0,False,False,False
24,2,42,171e30571d27181bd2dd8c56476fd0d41da53c88239df38b7f0969eb3a08b8e7,0.011656703422000661,0.5429003073519258,0.001,0.0005429003073519258,0.012199603729352587,579,721,31,4.9834557591665885e-09,30.0,26.0,53.0,False,False,False
24,2,43,c067a45ed863e5f12dda966fa60338d896cb86c468797c0c50d7bd80b289e78d,0.01164819975548395,0.6347974588917344,0.001,0.0006347974588917345,0.012282997214375684,579,721,30,8.82485173825387e-09,57.0,57.0,19.0,False,False,False
24,2,44,cce90bb5d2cccade2f82bf6c62145274c71bc0b9ad6888371b5a3537692fe352,0.011644732862405222,0.507222287449877,0.001,0.0005072222874498769,0.012151955149855098,579,721,31,4.986955293162509e-09,1.0,4.0,8.0,True,False,False
24,2,45,b78c576703437b2149bbcf78768b76f964d76b33a1260efa744aec001317ce06,0.011648958414374222,0.6591317298080966,0.001,0.0006591317298080966,0.012308090144182318,579,721,31,5.381536993809277e-09,60.0,59.0,25.0,False,False,False
24,2,46,9f927d93b99853667b736b2461922d1f95d0c3a53c71002db66d47b44e49fdc7,0.011652611158724709,0.5234966870026796,0.001,0.0005234966870026796,0.01217610784572739,579,721,31,5.079077380898411e-09,12.0,10.0,38.0,False,False,False
24,2,47,f5262835ce098cd6dcc83b520bc23106b4d01e4936f42801ac15dcc07b482027,0.011648808124114752,0.5632822946273737,0.001,0.0005632822946273737,0.012212090418742126,579,721,30,9.658722599503733e-09,39.0,40.0,24.0,False,False,False
24,2,48,bf0b7581b3d55f7c5623e45ca88745987244ddf585b0a2c6afc8d2e7f4dc8aa4,0.011656182513672507,0.6001222675241851,0.001,0.0006001222675241851,0.012256304781196692,579,721,30,9.126073230447673e-09,54.0,54.0,52.0,False,False,False
24,2,49,3c967423c0ea918fbe78e2fc3a838073e0b089c364fedd7a6c73eaeb0e658689,0.011655974157991232,0.5457949674334077,0.001,0.0005457949674334077,0.01220176912542464,579,721,31,5.109273781833679e-09,32.0,30.0,49.0,False,False,False
24,2,50,32ea383067455e3990d654c68eb82cfeaffed18f92276d4c46826fb08eb64620,0.01165307968496409,0.5694968233059362,0.001,0.0005694968233059362,0.012222576508270026,579,721,31,5.150992188340808e-09,43.0,43.0,44.0,False,False,False
24,2,51,671ab3cbb4ec125b5231707d26e8ac52019951cf3471be36a637a91c1e6605fd,0.011666170766830242,0.57284645492317,0.001,0.00057284645492317,0.012239017221753412,579,721,30,9.267588696459939e-09,48.0,45.0,60.0,False,False,False
24,2,52,f42a38e638f17b11e9f55bd8f46fea888b8aa25ea4b8975baaaf9eddf4590038,0.011654628085981248,0.5443551949208513,0.001,0.0005443551949208513,0.0121989832809021,579,721,30,9.470169426428754e-09,29.0,28.0,45.0,False,False,False
24,2,53,ca7a1daa7f178d5e5892e95998bbc1d27c04f9b6b9ee79d59bd7c0d7db4d6f0d,0.011650672831921794,0.5407699700930401,0.001,0.00054076997009304,0.012191442802014835,579,721,31,4.915361784263439e-09,24.0,23.0,32.0,False,False,False
24,2,54,9b89d27464c89e6604f8752f1212aa570d69463922dab907698908eb7177e904,0.01164507468733136,0.5507420545877573,0.001,0.0005507420545877573,0.012195816741919118,579,721,30,9.877393014612323e-09,27.0,33.0,10.0,False,False,False
24,2,55,643d3fe5166d914cef1e11aa6299cf33445afb433146eff74738676a2f1efd3d,0.011650516095326944,0.5414318896759998,0.001,0.0005414318896759997,0.012191947985002944,579,721,31,4.903343731044174e-09,25.0,24.0,31.0,False,False,False
24,2,56,5bdd8ba033c8e3854b5a70c042215aafa7b7aeac1a46a50af74b884cfb232c3e,0.011659212778279108,0.550170637880623,0.001,0.000550170637880623,0.01220938341615973,579,721,30,9.95449078722288e-09,36.0,32.0,55.0,False,False,False
24,2,57,3f3cc166897a08c2ec9b37b98a01ff4272dfe524d9241aa169d77c1285ff2164,0.01166224349217594,0.5656985021605527,0.001,0.0005656985021605527,0.012227941994336492,579,721,31,5.21517062868071e-09,45.0,41.0,57.0,False,False,False
24,2,58,2079eb3e15b736f66193d73b4eb32fc4ab741ef10bcd76c93464547663a145ef,0.011655760432062085,0.496845013834013,0.001,0.000496845013834013,0.012152605445896098,579,721,30,9.959796876124472e-09,3.0,1.0,48.0,False,True,False
24,2,59,4dccc02bc52da6501ecb43583f7f204122bad9460eb77efad0f2af1b94802eb3,0.01165014653113332,0.5567011912893631,0.001,0.0005567011912893631,0.012206847722422682,579,721,30,9.979329029796702e-09,34.0,34.0,30.0,False,False,False
30,0,0,e8377fe7dd3654dfec6d2d17ee46c64d0aef40724b0ab4d814453fdaeb19e48d,0.0116543448570759,0.5780050876922136,0.001,0.0005780050876922137,0.012232349944768114,579,721,30,8.994278211105211e-09,51.0,50.0,34.0,False,False,False
30,0,1,a22960c8259d0efbeb5e583c5139d370c64b2faaeff7b48cd6aef5f513f3f817,0.011647117380467783,0.5785361678328859,0.001,0.0005785361678328859,0.012225653548300668,579,721,31,5.04242914090014e-09,46.0,51.0,8.0,False,False,False
30,0,2,f3390dee7b758447c27e32d9716f709ed9fa672fdc5713379cc34aee960db1de,0.011667709081529134,0.5186026296443267,0.001,0.0005186026296443266,0.01218631171117346,579,721,30,9.35830368753443e-09,18.0,6.0,59.0,False,False,False
30,0,3,ce494b36e4f62df53079679d8fa6ee01606e0cfbb0a00fcce6985bd6fb1b4063,0.01165337479832,0.5395191156609066,0.001,0.0005395191156609067,0.012192893913980906,579,721,30,9.252092980638338e-09,21.0,21.0,31.0,False,False,False
30,0,4,8567fc677dcc43f5ef3ba3f37acfd46cd35a0d641df488d67e29711a3168a1d9,0.011652111178007369,0.5541602509270734,0.001,0.0005541602509270734,0.012206271428934443,579,721,30,9.450005555855512e-09,30.0,32.0,27.0,False,False,False
30,0,5,cd41a28c18bfe38a2f92f905e7bff54158fba38296d17f6e35146532c67eb100,0.011646313967667885,0.5288892390638394,0.001,0.0005288892390638394,0.012175203206731725,579,721,30,9.668190470435434e-09,6.0,13.0,5.0,False,False,False
30,0,6,e2f8d5850b323a927d28a781f7d21c15f9701b96dc04fa4fff510f502f7d1684,0.011661777066466966,0.5377561991023376,0.001,0.0005377561991023376,0.012199533265569303,579,721,31,4.964968658427438e-09,24.0,19.0,56.0,False,False,False
30,0,7,ceac6e470e0b10f4c0e6bc805946fee11c0c66c9f1661ce9b88ca41d4e7e4282,0.011651924864042894,0.5327486267956066,0.001,0.0005327486267956066,0.0121846734908385,579,721,30,9.407837175956502e-09,17.0,15.0,26.0,False,False,False
30,0,8,2c93f4af647956a1f1669ce04a5acc750764a7fc23ec2764a7177c6df51417e9,0.011653647014260186,0.5631522102477808,0.001,0.0005631522102477808,0.012216799224507966,579,721,31,4.895487681899624e-09,40.0,40.0,32.0,False,False,False
30,0,9,9e1747f8f9d88f6955985d55528110f537130c43bfd3a984b56349ef2cf12a4c,0.01165839026615464,0.5547474637560035,0.001,0.0005547474637560035,0.012213137729910643,579,721,31,5.120896928723084e-09,37.0,33.0,50.0,False,False,False
30,0,10,92e29265d1b7d03610f6bdd50f8cfa177c6a0e9cc500b0caf36feb4db5ec8a44,0.011649037120502075,0.5970635736355192,0.001,0.0005970635736355192,0.012246100694137594,579,721,31,4.896066663206966e-09,56.0,58.0,15.0,False,False,False
30,0,11,fe107769a333c2ada164be0abad1dab96d332d8d5fcca127df79b4687e28ff5f,0.011666019234277968,0.5853663337508642,0.001,0.0005853663337508642,0.012251385568028832,579,721,30,9.1710511407328e-09,57.0,55.0,58.0,False,False,False
30,0,12,ff696dadcf3f5bcd33f3fbfcb6b35a49361e34c17a8d6414556cf77bc91bf89d,0.01165496843113073,0.5976156474215399,0.001,0.00059761564742154,0.01225258407855227,579,721,31,4.89728502195419e-09,58.0,59.0,38.0,False,False,False
30,0,13,7d2ac08784c9a4d50a3c1b9fe8d48e0ec0cf798f51db69b66db0462675260aed,0.011648140304394969,0.5839782640005668,0.001,0.0005839782640005668,0.012232118568395536,579,721,31,5.1498602049449005e-09,50.0,54.0,11.0,False,False,False
30,0,14,b06165dcf8b06f441b7642e3f82202122c337dfc23e19d9f31e6b4b1d3c77b49,0.011656268544358295,0.5751743827477571,0.001,0.0005751743827477571,0.012231442927106052,579,721,30,9.51890199996086e-09,48.0,48.0,44.0,False,False,False
30,0,15,d262ea7b97250450366a19092ecd59b0b6d250e9de62256e0f7d6eea0e468c6d,0.011648230876207404,0.5342032249271143,0.001,0.0005342032249271143,0.012182434101134518,579,721,31,5.1968617187370114e-09,11.0,16.0,12.0,False,False,False
30,0,16,d628c28cfc898320feb007789adbafb2ed711ae93599ee25d4e9cc3f85e860b1,0.011654479205794785,0.5289088061314834,0.001,0.0005289088061314834,0.012183388011926269,579,721,30,9.885323670744128e-09,15.0,14.0,36.0,False,False,False
30,0,17,602757f776e657a58ce054b6e28c64e10a7c9df96f6f9efe15d3f4ebe8ef2932,0.011657137506306512,0.5970235032109972,0.001,0.0005970235032109972,0.01225416100951751,579,721,31,5.177090200980672e-09,59.0,57.0,46.0,False,False,False
30,0,18,67260cbe14e419cfe60602fbc1ca7f3122f5ffc1d975791ba902085b85eb1fa6,0.011661443373760577,0.5930197991680534,0.001,0.0005930197991680534,0.01225446317292863,579,721,31,5.1195337968934496e-09,60.0,56.0,55.0,False,False,False
30,0,19,f2d8d1d842fbac61e1018e33b0f51aa68d15f21ae09b310ac9130b7048668ad9,0.01164195475027141,0.5173289147870527,0.001,0.0005173289147870527,0.012159283665058463,579,721,30,8.96569751773768e-09,1.0,5.0,1.0,True,False,True
30,0,20,80d03546e4d9eba093cd85a4edcb7ae492b551317050be000beace2429ecc63a,0.011649836477423195,0.5110836269520954,0.001,0.0005110836269520954,0.01216092010437529,579,721,30,8.997537936927813e-09,3.0,2.0,19.0,False,False,False
30,0,21,04fb213f1b13f892ee1f3d6fb90aeb179dcf6431f5e1aa5935c65c89c2ad8eb4,0.011652927273863179,0.5251400046914804,0.001,0.0005251400046914804,0.01217806727855466,579,721,31,5.347409071099207e-09,9.0,11.0,28.0,False,False,False
30,0,22,961741b3f5f3a2d47dd46da7e7f4f8f17554fe0a9c8a05ca39f74ebcfad9ae55,0.011649925355853184,0.5512619809741164,0.001,0.0005512619809741164,0.012201187336827301,579,721,31,4.8719842604683095e-09,27.0,27.0,21.0,False,False,False
30,0,23,1c7d4dfe6998c80077a77f16daf3e8630092b93982c5c61900d7eda47f3a08b1,0.011646400906142424,0.5631042961201206,0.001,0.0005631042961201206,0.012209505202262546,579,721,31,5.255789137237343e-09,35.0,39.0,6.0,False,False,False
30,0,24,d23ca4630f97c45531ed754563d138cbfa64a742d1fa17f406e87f34ff5d4892,0.011656976680781203,0.5760338411447664,0.001,0.0005760338411447665,0.01223301052192597,579,721,30,9.808841183733819e-09,53.0,49.0,45.0,False,False,False
30,0,25,6f5fd49dbddc0c0df18d7f4d9e090350e6c503bf0d8b943d3173878f3eb1121c,0.011655030458314956,0.5676980615088929,0.001,0.0005676980615088929,0.01222272851982385,579,721,30,9.205624373898047e-09,44.0,44.0,40.0,False,False,False
30,0,26,9d7f9512a4d24c0099586b8968ee88173dbe7d732c7cb866727b356e15aa3313,0.011648319817313579,0.5524857119438311,0.001,0.0005524857119438312,0.012200805529257409,579,721,31,5.616090592575063e-09,26.0,29.0,13.0,False,False,False
30,0,27,c66ec0fa9e0c6ea987b55b1cbf6ea20089ca9e6cdafb23017456500ffa7a443c,0.011646034616981181,0.5385074741662561,0.001,0.0005385074741662561,0.012184542091147436,579,721,30,9.917089593969308e-09,16.0,20.0,4.0,False,False,False
30,0,28,4beaf21997e5e6ca68cbea7ee8fca0adb589901b7dec6fc73e269bbf3be132f7,0.011653679205495036,0.5103815969266288,0.001,0.0005103815969266288,0.012164060802421665,579,721,30,9.102902653879141e-09,4.0,1.0,33.0,False,True,False
30,0,29,153215af3b50f3e377c660e458032879961ec50bb6db3588605db3c0d12782a7,0.01165310903240198,0.5550994210765595,0.001,0.0005550994210765596,0.01220820845347854,579,721,30,9.894341235217041e-09,33.0,34.0,30.0,False,False,False
30,0,30,4094c4d002b3d5f93dfe222bced8728ef0e9936a96701ac553d1726fa8412110,0.011649543959277678,0.5427746153035337,0.001,0.0005427746153035337,0.012192318574581211,579,721,31,5.173425576820989e-09,20.0,24.0,18.0,False,False,False
30,0,31,8595278e24b6e257659f94ed50c11db93026abeda338ae68d3d378f8cd2565ae,0.011645827625237005,0.598530103015284,0.001,0.000598530103015284,0.01224435772825229,579,721,30,9.954088109331849e-09,55.0,60.0,3.0,False,False,False
30,0,32,2d01c9aac22f7a6ace2385cacf6274b5e0631190a3a5e6d0ada9a374242dbb54,0.011648917533325526,0.5119764421584068,0.001,0.0005119764421584068,0.012160893975483932,579,721,31,5.131081115550273e-09,2.0,3.0,14.0,False,False,False
30,0,33,cc73806efd0bccdfc8c77e313a78362a934b79d010b25b0c241b6a84b4c24109,0.01164938373573112,0.5583674483900664,0.001,0.0005583674483900663,0.012207751184121186,579,721,31,5.091913113375313e-09,32.0,35.0,17.0,False,False,False
30,0,34,4547ca85a1c044cd0b4dc6f23b4b692deccf8f5f45238e0880eca1a63ca170e6,0.01165600501707908,0.5688184843199977,0.001,0.0005688184843199977,0.012224823501399078,579,721,30,9.989705729296361e-09,45.0,45.0,42.0,False,False,False
30,0,35,8f2ab4a735efcf750a96a95ffa7b51305177cb2853c0b4f3d8a4d9898fca9b54,0.011657805726979846,0.525442311783223,0.001,0.000525442311783223,0.01218324803876307,579,721,30,9.075704521244177e-09,14.0,12.0,47.0,False,False,False
30,0,36,8e1a6a959463159878a8a3dbf78e06da93aec630bddcca7a87c44ac4b83a31d0,0.011646636937368709,0.5358445789892455,0.001,0.0005358445789892455,0.012182481516357955,579,721,30,9.751620067000033e-09,12.0,17.0,7.0,False,False,False
30,0,37,6b946336fece2c697ab947f090512217861c07e688515c5bed10a9d6246d791a,0.011662231696734795,0.5447981568302422,0.001,0.0005447981568302422,0.012207029853565038,579,721,30,9.870473327566742e-09,31.0,25.0,57.0,False,False,False
30,0,38,f7ca653bd6f4b6999efbdee47062ffb0b8c942d6a0947ce0e76e20ccd6ae206d,0.01165476664528749,0.5222373621581634,0.001,0.0005222373621581634,0.012177004007445653,579,721,31,5.21607235182131e-09,8.0,8.0,37.0,False,False,False
30,0,39,27f4236d42da25d9a7c179a8bc361451480ed9164221685b71cb51951b72f80a,0.011655262156146642,0.5661291334533015,0.001,0.0005661291334533015,0.012221391289599943,579,721,31,4.891446026000779e-09,43.0,43.0,41.0,False,False,False
30,0,40,256999849d7f4090e94b1802ba9e6b8d65d5b44196da7507ae539dba8a50ce38,0.011654471539986071,0.524664714585989,0.001,0.000524664714585989,0.01217913625457206,579,721,30,9.74418179477965e-09,10.0,10.0,35.0,False,False,False
30,0,41,ec14eaedad3034afdb29b4f09c862562a829d37ca1338e47a02e491ff4f10e70,0.011658170581881887,0.56213394443796,0.001,0.0005621339444379601,0.012220304526319847,579,721,31,5.451282536483859e-09,42.0,37.0,49.0,False,False,False
30,0,42,f22cd23eca00bf65dc6144a4f84a96837ccf24d0c258d13b70e2fe3ecf4212e0,0.011651560823785477,0.5423568934048097,0.001,0.0005423568934048098,0.012193917717190287,579,721,30,9.673500223073006e-09,22.0,23.0,24.0,False,False,False
30,0,43,6d40c5496cc21a66aee713049a5a458d2b9fa89327dbdf45e7d23c29f5e6613a,0.0116584388458532,0.5530086960806149,0.001,0.0005530086960806149,0.012211447541933816,579,721,31,4.9387113287835405e-09,36.0,30.0,51.0,False,False,False
30,0,44,abfbca68f6dbe90491491fced1c608a1b03eac5acb1f1942836c574ca3f05c7d,0.01165188970250521,0.5448628402286255,0.001,0.0005448628402286255,0.012196752542733835,579,721,30,9.899287500836351e-09,23.0,26.0,25.0,False,False,False
30,0,45,c5e58fcd219b5533afdb96ea14059309f0b533d5a872d24832033ba5be528300,0.011658528769694686,0.574008796417443,0.001,0.0005740087964174429,0.01223253756611213,579,721,31,5.211259201942653e-09,52.0,47.0,52.0,False,False,False
30,0,46,2761c2f1266b9227ca0951c7e1c21cbb6e9a6df15639103e694a701b565ad1d5,0.011660393041991362,0.5415057762707596,0.001,0.0005415057762707595,0.01220189881826212,579,721,30,9.00724816954579e-09,28.0,22.0,54.0,False,False,False
30,0,47,f10f3218ac0b8b32399f9133b8645b41552ee3b7dd75362902be0ed9ea0e11b7,0.011656031870589612,0.5633541227133603,0.001,0.0005633541227133603,0.012219385993302972,579,721,30,9.769206443799305e-09,41.0,42.0,43.0,False,False,False
30,0,48,f0283c903b905fdfb31078155873a92c7e57e13e07793f157114fd30d7021d45,0.011668926904572757,0.5630661573392111,0.001,0.0005630661573392111,0.012231993061911967,579,721,30,8.770900117305303e-09,49.0,38.0,60.0,False,False,False
30,0,49,579574a2bdf7bf662d6d28480bc66638ef1d6742df918281d88c810b1e70f519,0.01165129082264554,0.537255053150962,0.001,0.000537255053150962,0.012188545875796502,579,721,31,4.890144622571313e-09,19.0,18.0,22.0,False,False,False
30,0,50,32932715d52dee448dcd810be6a1c5f42b95aaba5691b623a1de3e91877a961c,0.011647176449586776,0.583065077058544,0.001,0.000583065077058544,0.01223024152664532,579,721,30,9.679905321746674e-09,47.0,53.0,9.0,False,False,False
30,0,51,8ef1d37a76909202fd93552533bafb6413fca38ff023036827806e33da77cd7a,0.01164989239735353,0.5530872017864421,0.001,0.0005530872017864421,0.012202979599139973,579,721,30,9.745942275429798e-09,29.0,31.0,20.0,False,False,False
30,0,52,0f07067771479e83b4c3a9da2bb8ca9b544ffc943137471d43383f639982d0a8,0.011658805059998976,0.5237919425012044,0.001,0.0005237919425012045,0.01218259700250018,579,721,30,9.952739410401534e-09,13.0,9.0,53.0,False,False,False
30,0,53,93b9dce21594c58c8eb7812248af2014863aa7c48114ecab7e0b27fde1afd9af,0.01164755900165901,0.561732835510638,0.001,0.000561732835510638,0.012209291837169648,579,721,31,5.056437824002558e-09,34.0,36.0,10.0,False,False,False
30,0,54,b8cba9dfe821c6876cbd19d96885828a528897a0dfc57d250f166f451123f1bb,0.011649150901689288,0.5514279106517505,0.001,0.0005514279106517505,0.012200578812341038,579,721,31,4.97915741970445e-09,25.0,28.0,16.0,False,False,False
30,0,55,7aea82ea6bee78c773f1917cc3940fe294480f14e978c14d363d3b30d9f5504e,0.01165133345450306,0.5631701315827108,0.001,0.0005631701315827108,0.01221450358608577,579,721,31,5.694543281364872e-09,39.0,41.0,23.0,False,False,False
30,0,56,50ad0f1e17c7b75871b27202c73737dfa70450b5fd28297dc221721ab498f248,0.011641978514637299,0.5711953773171787,0.001,0.0005711953773171787,0.012213173891954478,579,721,30,9.85307402334712e-09,38.0,46.0,2.0,False,False,False
30,0,57,c5672691d9c5719222a9024e9ddcbedccc9dc1afa90c2224a838329bd1611baf,0.01165502209777103,0.5213700568921277,0.001,0.0005213700568921277,0.012176392154663158,579,721,31,5.0804999096598635e-09,7.0,7.0,39.0,False,False,False
30,0,58,899cbd41a104c12fdbe9a38e42e6f6aacc7a7751dd16b96d75fd1abfb7a2134f,0.011657807263955837,0.578828507900952,0.001,0.000578828507900952,0.01223663577185679,579,721,30,8.995946876311223e-09,54.0,52.0,48.0,False,False,False
30,0,59,6284db76db13eec8ada4fe1fc2813b83c4a6752abf5ffc97b549596e77e31037,0.011652954192822479,0.5140588288399512,0.001,0.0005140588288399513,0.01216701302166243,579,721,30,9.482008400674147e-09,5.0,4.0,29.0,False,False,False
30,1,0,aa5291d4ef38536cc4545f6c74f9f19c3b4db06c0ef44463961a92d9284cc030,0.011651646544563911,0.5559423181452977,0.001,0.0005559423181452977,0.012207588862709208,579,721,30,9.77937597568257e-09,29.0,28.0,19.0,False,False,False
30,1,1,a75c880257cdcd02a6a4f2c386783c838571988b94558af16e41cf9a48161dcd,0.01165819905497848,0.5364620616003766,0.001,0.0005364620616003766,0.012194661116578857,579,721,31,4.910425843718258e-09,21.0,21.0,43.0,False,False,False
30,1,2,6d815e4e6dc5bccd94994e106a68cb8fc5ac32ccea8aa5e1248801c635496e71,0.011661435178316222,0.5198380949935496,0.001,0.0005198380949935496,0.012181273273309772,579,721,30,9.716844329155094e-09,13.0,6.0,51.0,False,False,False
30,1,3,c772aeb8a95bf8a3c5886e785d0a071ab4379cbf14efd7cc806996568fa44509,0.011652630674299103,0.5452707490318379,0.001,0.0005452707490318379,0.01219790142333094,579,721,31,5.246041823170344e-09,23.0,26.0,25.0,False,False,False
30,1,4,edd8ccf0d9609f6d8dc5218e8c794357d37dc8bd6850c822bea7b3bd3dfe74e5,0.011648384076278148,0.562095687872572,0.001,0.000562095687872572,0.01221047976415072,579,721,31,5.112217649205775e-09,31.0,36.0,12.0,False,False,False
30,1,5,00d70b80786471122022c589dc40ba8d22884a91a1574fb1e3caab52c37593ca,0.011656668203076226,0.5662869568752599,0.001,0.0005662869568752598,0.012222955159951487,579,721,30,9.052396610087499e-09,40.0,40.0,39.0,False,False,False
30,1,6,722c7f3a96e358006c1336a8f01b170d02b90d5319b58a4a6cab4aae4b6ade5e,0.01165518878895698,0.5311000226395629,0.001,0.0005311000226395629,0.012186288811596543,579,721,30,8.976037579877527e-09,19.0,17.0,34.0,False,False,False
30,1,7,550ac55bb10a2814d0a6ddd7bc57d44727f3dfc799c21aef0858cbab2ef18ca6,0.011652617157408866,0.5280308389991007,0.001,0.0005280308389991007,0.012180647996407966,579,721,30,8.444066890156421e-09,11.0,14.0,24.0,False,False,False
30,1,8,508402772317abc617b5288737b35c86a93067f8c800ba6417027248b629a3e3,0.011654096975190686,0.5068515259882148,0.001,0.0005068515259882148,0.012160948501178902,579,721,30,9.9920203222581e-09,2.0,4.0,29.0,False,False,False
30,1,9,fa89c9a9067b9923f60bc76dedb76c9537399f81b211dd56ee10a5c6bf23979b,0.011642497032201722,0.5271636740250071,0.001,0.0005271636740250071,0.012169660706226729,579,721,31,5.279952031145285e-09,6.0,12.0,2.0,False,False,False
30,1,10,e5500acc46c0d565e042df8cf5f3c2725ab635c8e5ef9e802b3fad9105afd646,0.011654546214115635,0.5879878356121232,0.001,0.0005879878356121232,0.012242534049727758,579,721,31,5.458673069114184e-09,52.0,50.0,31.0,False,False,False
30,1,11,463d645f968946924d20880038740b1a43917df79c03c12b3fe54993763f7086,0.01166521937044064,0.5815239919514946,0.001,0.0005815239919514946,0.012246743362392135,579,721,30,8.655117067490892e-09,53.0,48.0,57.0,False,False,False
30,1,12,2ab904a12d3ce1e52228f4c2260bf32089293c0760ae01af584b602e83da64de,0.01164673688454371,0.556070985616505,0.001,0.0005560709856165051,0.012202807870160216,579,721,31,5.311193262969027e-09,28.0,29.0,7.0,False,False,False
30,1,13,00fb6b41dd624d1239f4c6b98bacbcad8be17f29d4176dbc8e292c6e1b0e679c,0.0116535829650572,0.5417638635965305,0.001,0.0005417638635965306,0.01219534682865373,579,721,31,4.9168840110525025e-09,22.0,23.0,27.0,False,False,False
30,1,14,1c9c8c90de3c619f539bbe34c1720e5fd062645beb3bbf28bc7f2c8188521983,0.011654949965362019,0.5434445946718289,0.001,0.000543444594671829,0.012198394560033849,579,721,31,5.287198234782409e-09,24.0,24.0,32.0,False,False,False
30,1,15,41bce4914fcb9dff20e350f5a5b7820839437ffd7b744b164f922de588ade5cb,0.011649521354837189,0.5202152219470739,0.001,0.000520215221947074,0.012169736576784263,579,721,31,4.962637967231842e-09,7.0,7.0,15.0,False,False,False
30,1,16,875f09e40dd63b28fd15f9ef44eda1ebb7dfc48c28b8bd9dc2794fd91b5d9de4,0.011657052351203215,0.5043170138089681,0.001,0.0005043170138089681,0.012161369365012184,579,721,30,9.902784148252408e-09,3.0,2.0,41.0,False,False,False
30,1,17,bb2ead44d433de877b234591477782c02ced47bfc50043a468894d5eb25ee2d9,0.011661245098236132,0.5217893718953274,0.001,0.0005217893718953274,0.012183034470131459,579,721,31,5.405354053245048e-09,15.0,8.0,50.0,False,False,False
30,1,18,be7b433b0a543e647e9b7b3bc7cf54800a6f0adf2f76f5096ea5bb439452cdf8,0.011662432443086176,0.5632225561175899,0.001,0.0005632225561175899,0.012225654999203766,579,721,31,5.348506859625957e-09,42.0,38.0,54.0,False,False,False
30,1,19,c74b1798baa9042b8810e5e2e7b5b79b3e3cee214634d7ad5abee51112f5a080,0.01166235266501881,0.5599541756461985,0.001,0.0005599541756461985,0.012222306840665009,579,721,30,9.635479192304786e-09,37.0,34.0,53.0,False,False,False
30,1,20,193ad2868fdfe9fe6d3cbca1167298f478a53a5919969298d302ecbc3babf30a,0.01166169242405604,0.5700068269798699,0.001,0.00057000682697987,0.01223169925103591,579,721,31,4.974052725259526e-09,47.0,43.0,52.0,False,False,False
30,1,21,1115d632cadf6d9eebf5d5f2b582343f4be054f80de5a766802e732b20bad68a,0.011659803368976526,0.5571272575185334,0.001,0.0005571272575185334,0.01221693062649506,579,721,30,9.34648014538908e-09,35.0,32.0,48.0,False,False,False
30,1,22,c7dd65912f302a96ee702f1293a5a3e09abc66d7674ecae3cb96ba580cac1f8a,0.011653667317057883,0.5320994860995361,0.001,0.000532099486099536,0.01218576680315742,579,721,31,5.085834420270885e-09,18.0,18.0,28.0,False,False,False
30,1,23,0adab2f1c50c021a3d1f3d9e0016497bc4a584f40f6fde050574543588c8add3,0.011643054618533818,0.4996979349389946,0.001,0.0004996979349389946,0.012142752553472812,579,721,30,9.603542183711511e-09,1.0,1.0,3.0,True,True,False
30,1,24,1cb1939589fe08144b61f689fea5fbafba0b206f7b355fd69519b4975053c4ae,0.011659507872883793,0.5043590726164084,0.001,0.0005043590726164085,0.012163866945500201,579,721,31,5.1030245584726686e-09,4.0,3.0,47.0,False,False,False
30,1,25,e08ccad04e28bcef87e22408f5543df341cc6d11b1c322eaf57206199558b9a8,0.011649930495646792,0.5924092412068994,0.001,0.0005924092412068994,0.01224233973685369,579,721,31,5.251113099902227e-09,50.0,52.0,17.0,False,False,False
30,1,26,9fa2c6fc6609fcc868074494d066f100ae917dd431a6399108f74fb185ba4a8d,0.011659413167946706,0.563842900038005,0.001,0.000563842900038005,0.01222325606798471,579,721,30,9.780207976817223e-09,41.0,39.0,46.0,False,False,False
30,1,27,c72d11b1d307e7409bd323e043cfa1b046c2e4343a3ca48df0b07dde8cc43339,0.011649134502538025,0.5171554203027143,0.001,0.0005171554203027143,0.01216628992284074,579,721,30,9.547774126872355e-09,5.0,5.0,13.0,False,False,False
30,1,28,38f943b00cbaf31ac07cbefc5ab15d2032f4f4afdc4e7f71e8da28d2d3e1e67f,0.011655834321809137,0.5579225723976323,0.001,0.0005579225723976323,0.012213756894206769,579,721,30,9.776316867160517e-09,34.0,33.0,37.0,False,False,False
30,1,29,10ae24c743cab7b82253f31736477d833809ea3700b357442b3cb1ec5ca0bc2e,0.01164796529647894,0.540620436556274,0.001,0.000540620436556274,0.012188585733035214,579,721,31,4.917390605818639e-09,20.0,22.0,10.0,False,False,False
30,1,30,3f31d5d8adb00a9d74728aa5b71b40058969c04bc419cf566af58b77ad98cc16,0.011639564626810471,0.6009805188429101,0.001,0.0006009805188429101,0.012240545145653382,579,721,31,5.282824511176898e-09,49.0,54.0,1.0,False,False,True
30,1,31,33826ba39f45fe31e3ae30b2022cf5f0814f9560a8c00cc94f4de7ed32c85418,0.011646263875588118,0.57661858320583,0.001,0.0005766185832058301,0.012222882458793948,579,721,31,5.279290005155701e-09,39.0,47.0,5.0,False,False,False
30,1,32,892a7532b77465ce0d46fcca1c96876b1ae6c3e09e9cc3930a4dd6a72923862b,0.011649856001946806,0.5679936840902731,0.001,0.0005679936840902731,0.012217849686037079,579,721,31,5.20067899856258e-09,36.0,41.0,16.0,False,False,False
30,1,33,5b51c19ec14b79f8b704671317428c672b7841e35e479d34260023072596511b,0.011649349923043114,0.5869849817857988,0.001,0.0005869849817857988,0.012236334904828913,579,721,31,5.1108544063538375e-09,48.0,49.0,14.0,False,False,False
30,1,34,407b29d4102fb41dc3cadfc622f8bf57e27fe3d741c91f792dc20be48285d3a6,0.011660791683512844,0.5689086424787467,0.001,0.0005689086424787468,0.012229700325991591,579,721,30,8.849270982658197e-09,45.0,42.0,49.0,False,False,False
30,1,35,3445cb9484bc73bad021dae5f6e86ee152361eaef1d2cdbb158adaf18677f918,0.01166581930765964,0.5622841598503577,0.001,0.0005622841598503577,0.012228103467509998,579,721,31,5.524363189124415e-09,43.0,37.0,59.0,False,False,False
30,1,36,2f0d28dece925831af3e7a76a71d11b1a37fba1329ce972b73e34749aa8611e0,0.011662743536067955,0.6011378412793085,0.001,0.0006011378412793084,0.012263881377347264,579,721,30,9.811574552820446e-09,56.0,55.0,55.0,False,False,False
30,1,37,37cbf1b7540ff890eb407b51773c80d6d50e1940eb711570263f63802b5d09b8,0.0116588390373022,0.5251232017185816,0.001,0.0005251232017185817,0.012183962239020782,579,721,30,9.720974025739793e-09,16.0,9.0,45.0,False,False,False
30,1,38,5e0c8a315adb798b9fe41fb81cb9a425f5640804fc3bddb6ff4e6fd3b7394216,0.011648280663359831,0.5941557600050693,0.001,0.0005941557600050694,0.012242436423364901,579,721,31,5.0346524727018505e-09,51.0,53.0,11.0,False,False,False
30,1,39,2ea207d4707af6885bfb75f98b29c07b0832a53416b9ddfed0c5ad4ce3432c87,0.011650320079774904,0.5483551383977743,0.001,0.0005483551383977743,0.012198675218172679,579,721,30,9.657103228200015e-09,25.0,27.0,18.0,False,False,False
30,1,40,02a696b1b8dfc6830e32a605110f2aa79764086063cf7edc08ffdea98bed351c,0.011651898515921631,0.6193809460061193,0.001,0.0006193809460061192,0.01227127946192775,579,721,30,9.024067715301953e-09,57.0,57.0,21.0,False,False,False
30,1,41,ca1bb4d56626e5dc6abfa72c190d82a4cede9874e47f7139da1d7d82287e6901,0.011655144156915544,0.5274182570304268,0.001,0.0005274182570304268,0.01218256241394597,579,721,31,4.8969481802885184e-09,14.0,13.0,33.0,False,False,False
30,1,42,be082c6510e1899d94a8ec5c2850c98d16939a63d01c53cae5d97873772e6128,0.011652292076024452,0.5612680740469874,0.001,0.0005612680740469875,0.01221356015007144,579,721,31,4.872580450232533e-09,33.0,35.0,22.0,False,False,False
30,1,43,bce481b2b4f69a6145b65b989116683459ad6ab0d0d152339fc7def340d38f1f,0.011646828637876097,0.5343712342401413,0.001,0.0005343712342401413,0.012181199872116239,579,721,30,8.976506205016221e-09,12.0,20.0,9.0,False,False,False
30,1,44,a28a74c8c736e9b9f1668c7ff5b2b1e08743da4a4bf4251562352aaa0e59460b,0.01166995355062619,0.5880920174410289,0.001,0.0005880920174410289,0.01225804556806722,579,721,30,9.566259673299271e-09,55.0,51.0,60.0,False,False,False
30,1,45,2f84a3c0637988329b03fba36a54256f07e2639ca9c78e5fab9f29015ede9a90,0.011655439671013778,0.5746569952103481,0.001,0.000574656995210348,0.012230096666224126,579,721,31,5.095329380644387e-09,46.0,45.0,36.0,False,False,False
30,1,46,d9ec3080a22a6994bb101b2a890df34fe7f58c05c87ba8486cd633849888f7f2,0.011653420877497492,0.525745798746601,0.001,0.000525745798746601,0.012179166676244094,579,721,31,4.9450229466785345e-09,10.0,10.0,26.0,False,False,False
30,1,47,4a079d17738d336d99f6ecfa645c3c0383c10bbd43f9e067fa9a3db50f68ce40,0.011657178515147103,0.5440730430848802,0.001,0.0005440730430848802,0.012201251558231983,579,721,30,9.286074242886855e-09,27.0,25.0,42.0,False,False,False
30,1,48,57332aa4740751503fb96255cf818e0399be336ea84351a4497e3db209586cb8,0.011664824756711777,0.6583380198240095,0.001,0.0006583380198240096,0.012323162776535787,579,721,31,5.633111643810196e-09,59.0,59.0,56.0,False,False,False
30,1,49,a7df1e72be29cd17576e8685b3af102e283c8f109f1acc620d7a3c45ebc8ac7d,0.01164538478065989,0.6082816791122961,0.001,0.0006082816791122961,0.012253666459772187,579,721,30,9.888323493356665e-09,54.0,56.0,4.0,False,False,False
30,1,50,49b7af2946fb2c655fb82baa65ec1dab8ce2d127d0023515cdb68ca6e3693d60,0.011658754995767578,0.6995271187071651,0.001,0.0006995271187071651,0.012358282114474744,579,721,31,5.370198841170293e-09,60.0,60.0,44.0,False,False,False
30,1,51,25a928ff008804d8cdb1f2fce2897c2cc3f5c4f412c8bd33406d30aadb919d66,0.011646756205672945,0.5304176717547405,0.001,0.0005304176717547405,0.012177173877427686,579,721,31,5.365823119163338e-09,8.0,15.0,8.0,False,False,False
30,1,52,1945366fa77247e82736947673de0080d59936d84309c30d8fddf9c6468bfede,0.01164660403134952,0.5759770960351291,0.001,0.0005759770960351292,0.01222258112738465,579,721,31,5.343168241189744e-09,38.0,46.0,6.0,False,False,False
30,1,53,42a4cce042533bd162e24810dbfe32250c2e6799ca2053a48f8dac222a5e70a9,0.011652525449735093,0.5259998312574954,0.001,0.0005259998312574954,0.01217852528099259,579,721,31,5.122788304667836e-09,9.0,11.0,23.0,False,False,False
30,1,54,0473f74db8210fa1aa4abf6ccd5d3f77e6c4ed3c5e9a8bc197f3ecb1aa2b9ca3,0.011656663085300296,0.6218173260723645,0.001,0.0006218173260723645,0.01227848041137266,579,721,30,9.965930858335525e-09,58.0,58.0,38.0,False,False,False
30,1,55,151dca4abed3c59e85a1cda2aae059a3b7a7e0cbf785212240ec57adefb33375,0.011657029370923394,0.5714477146325476,0.001,0.0005714477146325477,0.012228477085555942,579,721,30,9.750341201097967e-09,44.0,44.0,40.0,False,False,False
30,1,56,0c28781ad9ba343922be1b186fa8f7b0d4971668010447f7b4f5730ddad05df9,0.011654150249248553,0.5310719922387369,0.001,0.000531071992238737,0.01218522224148729,579,721,31,4.946003606676186e-09,17.0,16.0,30.0,False,False,False
30,1,57,d27bfe22bb32fd44a440aa9acbbe287a22b8d71d6a2d896b283f7fa62c0da2c0,0.011655318714153831,0.5567118710914677,0.001,0.0005567118710914677,0.012212030585245299,579,721,31,5.152480109238411e-09,32.0,31.0,35.0,False,False,False
30,1,58,f7851ca8616792e663075279fc6e3bc32fc41def5a1e79333963fe7abc1da9d0,0.011651747125052537,0.5565646391999037,0.001,0.0005565646391999038,0.01220831176425244,579,721,30,9.085170393774433e-09,30.0,30.0,20.0,False,False,False
30,1,59,150d355f9100ee18602ef3f7eaabf53ef1f849cb1db97f03cd48f9dfd80bead8,0.011665580266720757,0.5333484646530139,0.001,0.0005333484646530139,0.01219892873137377,579,721,31,5.019340054701615e-09,26.0,19.0,58.0,False,False,False
30,2,0,aeeb084123a6fcafa62e06006dae9e763610689e42cc3299b0fd1d4ca9355557,0.011656239943603954,0.550132751662723,0.001,0.000550132751662723,0.012206372695266678,579,721,31,5.126019830825612e-09,27.0,25.0,44.0,False,False,False
30,2,1,d422c4e78b0628017b0157e19525523b7527a24a209f1c097c5abd346ba73feb,0.011657163990206373,0.5788836772887602,0.001,0.0005788836772887602,0.012236047667495134,579,721,31,5.232974609192809e-09,45.0,46.0,47.0,False,False,False
30,2,2,feab82940458c55876a13e615017be0a1093a5f2396bbed77669077ebafb28d2,0.01164513347154507,0.5480149877367384,0.001,0.0005480149877367384,0.01219314845928181,579,721,31,4.929193386793429e-09,18.0,22.0,4.0,False,False,False
30,2,3,1e41330cee91b557f0925819adb9c506184942e5eeac2a121bc7d5d811e94bc3,0.011649820028194879,0.5434472856327824,0.001,0.0005434472856327825,0.01219326731382766,579,721,31,5.183538487329997e-09,19.0,19.0,15.0,False,False,False
30,2,4,59dc125de04e11f523b2fe40f8633f50ba951badf5ce59e414c9f5c77300b4ff,0.011663349303215796,0.5591581861658732,0.001,0.0005591581861658732,0.01222250748938167,579,721,30,9.773106657284814e-09,40.0,34.0,56.0,False,False,False
30,2,5,235c9b16105b0ff46ba299c1f32caaae8d24a11baa795edf2a2d5885c8c176b5,0.011652588077278724,0.5487482376493569,0.001,0.0005487482376493568,0.01220133631492808,579,721,31,4.932175001748362e-09,24.0,23.0,28.0,False,False,False
30,2,6,c94e6551fddb7d47faebf081f99f8c04f607f636dcad55aee2f5a3aa3e607aa8,0.011665409848975936,0.6073293326464213,0.001,0.0006073293326464214,0.012272739181622357,579,721,30,9.175281645568134e-09,52.0,49.0,58.0,False,False,False
30,2,7,3b83c62d0ab5de5e57d0b29a805c37db4276eea5196903540efb68eb8588e3db,0.011649788342526345,0.5668158913734752,0.001,0.0005668158913734753,0.01221660423389982,579,721,30,9.511989751409544e-09,36.0,39.0,14.0,False,False,False
30,2,8,6a9ccad05e1b5bb5f57eb61804a53886d3dc943a44a54e921c8dae02da9a80d5,0.011651348627985537,0.5609503798194903,0.001,0.0005609503798194903,0.012212299007805027,579,721,31,4.986588919564383e-09,31.0,37.0,19.0,False,False,False
30,2,9,b4d6b0138f35f5662f632ea3b6603d2b143a18b63fd0829f479e2519b5f6cd54,0.01166085797604102,0.6197926755619458,0.001,0.0006197926755619459,0.012280650651602967,579,721,30,9.84713321994235e-09,53.0,53.0,52.0,False,False,False
30,2,10,3eca9e191412a4e6cc0545708338e774ce70129048c7b980ad085b2d76af3301,0.011654428933905035,0.5520657056094112,0.001,0.0005520657056094112,0.012206494639514447,579,721,31,5.300029415344909e-09,29.0,28.0,36.0,False,False,False
30,2,11,29b82ae76edad8b4f646d7d5c4a9e1d8a16d0853baa9b88f160241e35e255984,0.011647576751889701,0.6533033656457466,0.001,0.0006533033656457467,0.012300880117535449,579,721,31,4.941784981227215e-09,57.0,58.0,6.0,False,False,False
30,2,12,3cb5ec3c34650108febac7e08ca25fcccd55f5198a35d01ab7ad9c1db9d7fbfd,0.011651755911406717,0.6295246400665926,0.001,0.0006295246400665926,0.01228128055147331,579,721,31,5.061186802990392e-09,54.0,54.0,24.0,False,False,False
30,2,13,8b50756b7f05462e378fe828cf072cd91d24365cd6f66da19ad2247f48cca25a,0.011657770175593761,0.5386322063152219,0.001,0.0005386322063152219,0.012196402381908984,579,721,30,9.399528044795602e-09,21.0,17.0,49.0,False,False,False
30,2,14,3e6a28ddc872ec5b1172e422929b60a7835afe5fe19f31b8a4c13a5de811eddd,0.011653347754925296,0.5926340506087537,0.001,0.0005926340506087537,0.012245981805534049,579,721,30,9.356598051901699e-09,47.0,47.0,32.0,False,False,False
30,2,15,9237e41dd906a9317170278fe72622eb0588602a738e9f4cd61936d21f7f9ccd,0.01165140360480493,0.5299319926849337,0.001,0.0005299319926849338,0.012181335597489863,579,721,30,9.391807109793149e-09,9.0,8.0,21.0,False,False,False
30,2,16,c9d8ed01985f3077977006d0599e9a75ab0a129be84095ff8e89e5fdb3f7b44e,0.011644183362189104,0.5529808610390532,0.001,0.0005529808610390532,0.012197164223228158,579,721,31,4.98148067240578e-09,22.0,29.0,3.0,False,False,False
30,2,17,4ca5a896785a8db58d087bbaeb93764265d1644ea582e41b1f04f2fd3c273686,0.011646352831094577,0.5220909512819839,0.001,0.000522090951281984,0.01216844378237656,579,721,31,5.335020203389718e-09,2.0,4.0,5.0,False,False,False
30,2,18,12a41cabedf287e725dcbbc939c17e0af43f2b0551fd2a40490c5519129406a5,0.011649182157959605,0.6186276285620198,0.001,0.0006186276285620198,0.012267809786521625,579,721,30,9.590256477842729e-09,50.0,52.0,11.0,False,False,False
30,2,19,161620455d306cb904677ba408a643d78d7ce74b6769c38a38a37c076e3f3404,0.011655277547971816,0.5443464105259147,0.001,0.0005443464105259147,0.01219962395849773,579,721,30,9.036170478537997e-09,23.0,20.0,40.0,False,False,False
30,2,20,be3333c021d6ffb19dc4ef1b0c82bb3bedf6e4c93d8398d3e522a94de512770f,0.011649112700023192,0.5553831600996192,0.001,0.0005553831600996192,0.01220449586012281,579,721,30,9.769925202185448e-09,25.0,31.0,9.0,False,False,False
30,2,21,23de37d0c5bf62d18cb3e9d29548fd8081240c73d04c732b3c89e15644741e39,0.011648080596902642,0.5234126983480066,0.001,0.0005234126983480066,0.012171493295250649,579,721,31,5.5247435515326515e-09,3.0,6.0,7.0,False,False,False
30,2,22,783dba4f33b0eef090613c00d70362c7084d3bbaa9b1fc8e42c9dcef7c1db538,0.011655749950949394,0.5681882032153458,0.001,0.0005681882032153458,0.01222393815416474,579,721,31,5.111851164585346e-09,41.0,43.0,41.0,False,False,False
30,2,23,41ec7b38793facd78d483cbb5adaf770cc2b8111bc700a2367c25884fe8d1620,0.011651849491199427,0.6353697262146986,0.001,0.0006353697262146986,0.012287219217414125,579,721,31,4.989129664956238e-09,55.0,56.0,25.0,False,False,False
30,2,24,780ece6c08a89f08515681434d91be937dfb1a60f161ea98a3da6b7b6b55e65d,0.011655760829412816,0.5591086467099942,0.001,0.0005591086467099942,0.01221486947612281,579,721,30,9.58568269204818e-09,35.0,33.0,42.0,False,False,False
30,2,25,974f1fe0b0528e4d414260b08e955614fad6a0df6e03a590377bfb8b61b4efb1,0.011648144257968753,0.545720335950438,0.001,0.000545720335950438,0.01219386459391919,579,721,31,4.934825770241957e-09,20.0,21.0,8.0,False,False,False
30,2,26,7af6c83ae263592a2ff4122a0ba9990b74eaff664b17db258cc785577ad6d636,0.011653799077630044,0.5226439240058227,0.001,0.0005226439240058227,0.012176443001635867,579,721,31,4.916644535946091e-09,6.0,5.0,35.0,False,False,False
30,2,27,440ec136bc4a324d265ec11552889a1c2de70d8a5e7e0423539f74fafef7a8c7,0.011668965056108474,0.5718198435858021,0.001,0.0005718198435858021,0.012240784899694275,579,721,30,9.609815165845248e-09,46.0,44.0,60.0,False,False,False
30,2,28,bd7fc37b2b70cf8d3c34241b118144f6bf2da07cdc54d8da814595aad69a670c,0.011655889614869783,0.5316831096054339,0.001,0.0005316831096054339,0.012187572724475217,579,721,31,5.068420794174244e-09,13.0,12.0,43.0,False,False,False
30,2,29,30c989eb6288f3ca18c33bde484b02fc062022957cbb5982f915ce005f2765f9,0.011649564268825238,0.5678968819745055,0.001,0.0005678968819745055,0.012217461150799743,579,721,30,9.912733078820679e-09,38.0,41.0,13.0,False,False,False
30,2,30,42f720ed4993db8a1d8a930e2b8b195df3170693f535c3764eedd3a8ed13a103,0.01165251550790803,0.5321591908933365,0.001,0.0005321591908933366,0.012184674698801367,579,721,31,4.9785390254797335e-09,12.0,13.0,27.0,False,False,False
30,2,31,4cd7c0f88f03fa0942a3b7e1cc32c051bcce58a6fe1a72d1bdb53afbea6fff64,0.011662382641092964,0.5516608630937513,0.001,0.0005516608630937513,0.012214043504186716,579,721,31,4.87327733722509e-09,34.0,27.0,55.0,False,False,False
30,2,32,d930eeedf3bf98cfdaf218dfe164630eeac634049a319a9e9adc612823e5c305,0.011652798561569868,0.5205532135833352,0.001,0.0005205532135833351,0.012173351775153203,579,721,31,4.857276469927285e-09,4.0,3.0,29.0,False,False,False
30,2,33,97be1cbe14db02bdd7b0f198d8b0b1f16e0b14aaa217b9cc515f375e714beba9,0.01165339317340829,0.5599713037714772,0.001,0.0005599713037714772,0.012213364477179767,579,721,31,5.0854341848705076e-09,33.0,36.0,33.0,False,False,False
30,2,34,8cabeefd6c80801016296def4e587802c0f52e1a66d82948e198fc2030f7b9bb,0.011652010562234543,0.6114038853256212,0.001,0.0006114038853256211,0.012263414447560165,579,721,30,9.522150845597821e-09,49.0,51.0,26.0,False,False,False
30,2,35,0f0425f3625e37ecdf812b014b11f299a8638c22e674d09cba41084799254065,0.011649144609583202,0.530749023581828,0.001,0.000530749023581828,0.01217989363316503,579,721,30,9.950657520185757e-09,8.0,11.0,10.0,False,False,False
30,2,36,9f1bfa73bff9bc6234c7b5858a47f2fee1efca179de458accb395db935ce854b,0.011650543889089093,0.6504219108473899,0.001,0.0006504219108473899,0.012300965799936484,579,721,31,5.345007547674641e-09,58.0,57.0,17.0,False,False,False
30,2,37,219ff719bdc49eec2089a58314d5913dfb45d48c20bb21ecc0acb74005eb169a,0.01164945100180079,0.5295378965258958,0.001,0.0005295378965258958,0.012178988898326686,579,721,31,5.184696116877774e-09,7.0,7.0,12.0,False,False,False
30,2,38,1f6e6287678e724229308bda3fb38e3ffc9fd72bbe1d16921d09bd0124c57835,0.011661917481926102,0.6086800857209888,0.001,0.0006086800857209888,0.01227059756764709,579,721,30,9.17725573312822e-09,51.0,50.0,54.0,False,False,False
30,2,39,453e800329c0f1cc45984b1f6d92eb0fe465e106cb924ab3fb9501e0951ebdee,0.011651704003811922,0.5301756779362548,0.001,0.0005301756779362548,0.012181879681748177,579,721,31,5.1132602596482e-09,10.0,9.0,23.0,False,False,False
30,2,40,dff8dc8930161baf7f3e2a56678a2a46d5fbdf44a1062f0ce59b02cab2d6ac7e,0.011660983659392636,0.5681637355855675,0.001,0.0005681637355855675,0.012229147394978204,579,721,31,5.022979476798639e-09,43.0,42.0,53.0,False,False,False
30,2,41,175d554ab128a4cf0e589ddabe45fd3dee551db6aca72afe0ad0581d834f322d,0.011653604672204384,0.535145798013745,0.001,0.0005351457980137449,0.012188750470218128,579,721,30,9.167145265109866e-09,14.0,15.0,34.0,False,False,False
30,2,42,b75540bd0290305ac124ebae71986787ba23af48d50ebbbfcb587eed4630a6d9,0.011651440170769323,0.5562442739795279,0.001,0.0005562442739795279,0.01220768444474885,579,721,31,4.970676314997036e-09,30.0,32.0,22.0,False,False,False
30,2,43,e65694a28d52e1eef951925fbc39b90082f1dd51679676b1818666464d6fae38,0.011649884494583521,0.5407150691044663,0.001,0.0005407150691044663,0.012190599563687987,579,721,31,4.902610539758712e-09,15.0,18.0,16.0,False,False,False
30,2,44,12253195c14ca620e671954bcc7fbdef205cbaf5e54ffd8aad1b4227b8e81bf9,0.011654835014006902,0.5514887897285624,0.001,0.0005514887897285624,0.012206323803735465,579,721,31,5.04778163712416e-09,26.0,26.0,39.0,False,False,False
30,2,45,613fb1bc01ef37b8115bf4b9a3ab41380d0cd33f9971d162ebebde9c981391f3,0.011658216756069682,0.5674616080420533,0.001,0.0005674616080420532,0.012225678364111734,579,721,31,4.904170736175217e-09,42.0,40.0,50.0,False,False,False
30,2,46,34c02d1d3586cd52d59972c1650082e24f82186863f228009b0f9ad33dcc5b6b,0.011657156168054609,0.5979552806693214,0.001,0.0005979552806693214,0.01225511144872393,579,721,31,5.243641076901895e-09,48.0,48.0,46.0,False,False,False
30,2,47,9704816fd53f8cbd7bf31ce9594073920292f628c17a15cdaf6413d5f94829c7,0.0116569286570537,0.549519507385616,0.001,0.000549519507385616,0.012206448164439316,579,721,30,9.676876411290891e-09,28.0,24.0,45.0,False,False,False
30,2,48,a77a846e9ad97c2a2e14c7bc0215d768739a32cd4cffc8882a69b64374fbf5c2,0.011666989060204507,0.6331114607007541,0.001,0.0006331114607007541,0.012300100520905261,579,721,30,8.990741373615663e-09,56.0,55.0,59.0,False,False,False
30,2,49,f81a03ec7e1a184050ae472e3feaa1bd0e8e35ccd4baa288263b428ad9cc14af,0.011664415869654896,0.5536507205281966,0.001,0.0005536507205281966,0.012218066590183093,579,721,31,5.134211833457414e-09,39.0,30.0,57.0,False,False,False
30,2,50,c50700e846f2c5f16333c3996361f3aa7a60c97c41faf9c5f8ff6976e2286444,0.011654819092154692,0.5373138586785163,0.001,0.0005373138586785163,0.012192132950833209,579,721,31,5.159692340050981e-09,17.0,16.0,38.0,False,False,False
30,2,51,ac59bd3b8c0b97c677785f7d5be59679f3154bac94d425b4d7187b2e2b6de59e,0.011654740127360307,0.5190186358821542,0.001,0.0005190186358821542,0.01217375876324246,579,721,30,9.789740351706655e-09,5.0,2.0,37.0,False,False,False
30,2,52,b8de18212c96a2acabd19acb1764388079b650149dec965538f564ccdac30572,0.011651079860315763,0.5661275216032208,0.001,0.0005661275216032208,0.012217207381918983,579,721,30,9.067154804753841e-09,37.0,38.0,18.0,False,False,False
30,2,53,94299c771d511ce40d0d3bc396b50f450a9832d578a2b0b4034a3d7854e4f28f,0.011657220488919704,0.5746559275670642,0.001,0.0005746559275670642,0.012231876416486768,579,721,30,9.302428716218003e-09,44.0,45.0,48.0,False,False,False
30,2,54,19054a1a9e839022f9909bdff118bec92348e45ce124a51afdd0d984c9eb2a12,0.011642972174031799,0.6885642447051459,0.001,0.0006885642447051459,0.012331536418736945,579,721,31,5.064985209024542e-09,60.0,60.0,2.0,False,False,False
30,2,55,1035da5c23d5b744be5c4874d8c53922df82a027c59ef5c828f0a111e3fa4ef4,0.01165289024636048,0.6636016484672873,0.001,0.0006636016484672873,0.012316491894827766,579,721,30,9.874098316764446e-09,59.0,59.0,30.0,False,False,False
30,2,56,368ab2abbd9941860e30c594555c82919346c4081d4c94fb6b7d149c6d2662a8,0.011653057394782906,0.5597989246812102,0.001,0.0005597989246812102,0.012212856319464116,579,721,30,9.689475888308152e-09,32.0,35.0,31.0,False,False,False
30,2,57,fc2879eb71f062059cda37d80f808d0f2b617ab96ed7d9a07593a4d05d851a21,0.011637009499593043,0.4943500513402207,0.001,0.0004943500513402207,0.012131359550933264,579,721,31,5.501893385329026e-09,1.0,1.0,1.0,True,True,True
30,2,58,6af80978f92178de858fc9223733fe5a97d902abbd2f4ccbdd790500300ddd52,0.011651350391274788,0.5326717831672957,0.001,0.0005326717831672957,0.012184022174442083,579,721,30,9.520544574925793e-09,11.0,14.0,20.0,False,False,False
30,2,59,67607e3921f798f744196f6e1fc0e76c72eac08c83174b99360d2b9a062374ad,0.011660463419867442,0.5306720235129968,0.001,0.0005306720235129968,0.012191135443380439,579,721,31,4.918869089820532e-09,16.0,10.0,51.0,False,False,False
36,0,0,918a1c8fcd586c50d6249cfa784917285443845451177e267b3e0bf75292e152,0.011654675961294875,0.552541765423906,0.001,0.000552541765423906,0.012207217726718782,579,721,30,9.132327782879202e-09,28.0,28.0,22.0,False,False,False
36,0,1,d374a50171a014f70a635fa6cd064b911e310991a2ab734d80e0f8dce364118b,0.011654302166170496,0.5421359824901026,0.001,0.0005421359824901026,0.012196438148660598,579,721,31,4.864247671321209e-09,19.0,19.0,20.0,False,False,False
36,0,2,62eeb803c8551b17328b3b1be08997419c36cd4e6b48c74787d3fd49a0a72bc3,0.01166597533599081,0.5959409451124175,0.001,0.0005959409451124175,0.012261916281103227,579,721,30,9.156755687023121e-09,55.0,56.0,57.0,False,False,False
36,0,3,885486a7a19cda8cbc3f6e624700521ffd3233a97632de6d0ee45d48eb995357,0.011661514828822406,0.5332769715362368,0.001,0.0005332769715362368,0.012194791800358642,579,721,30,9.478002382934392e-09,15.0,10.0,49.0,False,False,False
36,0,4,747a279c98b3d3fdf6a07665dc9b9c7c945201132b630c98fe6ebfa0374b1777,0.011653219192566903,0.5289999829558553,0.001,0.0005289999829558553,0.012182219175522759,579,721,30,9.758408858751011e-09,5.0,6.0,16.0,False,False,False
36,0,5,17e851fd3c98094826d5f36ace06dbff33cc7af68ddc6872766ba675f690bc11,0.011663815596242544,0.535240903236999,0.001,0.0005352409032369991,0.012199056499479543,579,721,31,4.950872933839889e-09,23.0,12.0,54.0,False,False,False
36,0,6,5d69cd4b3d03116738eff3a983a7a4fd65830a09d9e12e882d276ce82bf78fe4,0.01164916336092541,0.5438869968518177,0.001,0.0005438869968518177,0.012193050357777228,579,721,31,4.984016088727117e-09,13.0,20.0,5.0,False,False,False
36,0,7,90feb09f364e50832b0912921e3af79dd3ea4b48292ff6af96cdcca8391733c8,0.011655886863464013,0.5396941786913282,0.001,0.0005396941786913282,0.01219558104215534,579,721,30,9.959310154350476e-09,17.0,14.0,29.0,False,False,False
36,0,8,bf70699c82032868885b57090f7a270ddd326e4e9bea6ad6ec6e5ec1cb4c0cea,0.011658387514490744,0.6180205239548952,0.001,0.0006180205239548951,0.01227640803844564,579,721,31,4.9776919253119445e-09,59.0,59.0,39.0,False,False,False
36,0,9,87928c6a91b0300f06bb8ebc61d43029277e6d6d44bd38eb958f0fa5ef5aa8ae,0.01166968523127933,0.5954203064412764,0.001,0.0005954203064412765,0.012265105537720606,579,721,30,9.186879701417183e-09,56.0,55.0,60.0,False,False,False
36,0,10,4f5cdeeecd516018f1a21d303a3d03d0ac757a5aad49c15ecdef5ab0a9b6fb36,0.011660237237750035,0.6091044897312551,0.001,0.0006091044897312551,0.01226934172748129,579,721,31,4.926927865689379e-09,57.0,57.0,44.0,False,False,False
36,0,11,8d7074a881ae099ed09fcfb787f3c9f7382b5f347e407d899385b1e08775aa81,0.011645974339069977,0.5603798417449356,0.001,0.0005603798417449356,0.012206354180814913,579,721,30,9.924123078874914e-09,27.0,37.0,2.0,False,False,False
36,0,12,ae36bb7cc9a4b5ec0ac08f0107c96345892d6e2ef29170a0ec92e97b49a9a642,0.011661080288000664,0.5615202287721679,0.001,0.0005615202287721679,0.012222600516772831,579,721,31,5.015323600865429e-09,44.0,40.0,46.0,False,False,False
36,0,13,d065aa7f42c0f768693b4cd8ac4e1da58a467fc5ac8a916c07d0c164fb32c3c1,0.011661436797886233,0.5484175516089598,0.001,0.0005484175516089598,0.012209854349495194,579,721,31,5.114051071508641e-09,30.0,27.0,48.0,False,False,False
36,0,14,be3e31457cf0034641cf50b3c760fe33aed1da4a61a4436191e30d7fb3265b74,0.011658368595291084,0.5904765493447879,0.001,0.0005904765493447879,0.012248845144635872,579,721,31,4.9595492157550325e-09,54.0,54.0,38.0,False,False,False
36,0,15,8607f5177fe199bfe4b33540099b5f3467009bc50fbae4988f2e6afa75d06cf3,0.01165956234686375,0.5872244896778586,0.001,0.0005872244896778586,0.012246786836541608,579,721,31,5.083828247265387e-09,53.0,52.0,42.0,False,False,False
36,0,16,7821068fdbdd341d87492b32d2701fc0a2fd353fa3a9c3a950f86bccac53e7bc,0.011654544771956318,0.5417480055370546,0.001,0.0005417480055370546,0.012196292777493373,579,721,30,9.320839544635362e-09,18.0,18.0,21.0,False,False,False
36,0,17,faad5c3d903a1318ca678b605452ae9dd121c39e29428924374415c75dfcf9e9,0.011649514872496453,0.5407101396976921,0.001,0.0005407101396976921,0.012190225012194146,579,721,31,5.08925612763278e-09,10.0,17.0,6.0,False,False,False
36,0,18,a33dca5ab97752ed1f8d7c944e6583107b31e23e376d6d3b3ed92295dea7d9ca,0.011648357443962518,0.5572410209660499,0.001,0.0005572410209660498,0.012205598464928568,579,721,31,5.072673947559281e-09,26.0,34.0,4.0,False,False,False
36,0,19,e1ddd11cb2f596fee02531fd63a34904fb7c1219de754ce42fa5d084d4b56769,0.011651811702138663,0.5901191814085152,0.001,0.0005901191814085152,0.012241930883547178,579,721,31,5.226842070271687e-09,52.0,53.0,10.0,False,False,False
36,0,20,dad056537e7530b6f3b2408aa583abe1c22f82945fb9730374b1f7cc5ef6992b,0.011657162807151216,0.5665628733999719,0.001,0.000566562873399972,0.012223725680551188,579,721,30,9.617364349345792e-09,45.0,44.0,32.0,False,False,False
36,0,21,97c6fcc5d0e037538169284bb2df81c0e03a890cd6c64c66307319df8a8b696f,0.011652761822761325,0.5593090570629753,0.001,0.0005593090570629754,0.0122120708798243,579,721,30,9.547665991149756e-09,33.0,35.0,14.0,False,False,False
36,0,22,5fe4471cfeebeec4bfb697ee97baf766e544a10efa46b8c3ce263d286a4963a7,0.011652883443594943,0.544098273709457,0.001,0.0005440982737094569,0.0121969817173044,579,721,31,5.179169759728097e-09,21.0,21.0,15.0,False,False,False
36,0,23,5083de3929aa00bb17d01491327413a665a83f4c035277eaf734e1a094995e68,0.011652153333671773,0.5311075575570973,0.001,0.0005311075575570972,0.01218326089122887,579,721,30,9.855255944657415e-09,6.0,8.0,12.0,False,False,False
36,0,24,cb2c320826725d56fd2e5b5593868dae52806c3db74208266832184ca6e3664b,0.011655295791492699,0.5651589259921735,0.001,0.0005651589259921735,0.012220454717484872,579,721,30,9.842680337435183e-09,42.0,43.0,26.0,False,False,False
36,0,25,a89cdadc43e1d67c764adb18ac67a29ce3bae8783cba539a13f6b34f75369d2c,0.01165646176743459,0.5400370459028991,0.001,0.0005400370459028992,0.01219649881333749,579,721,31,5.04558239633468e-09,20.0,16.0,31.0,False,False,False
36,0,26,e0974333a87903a687a6b8100d00982183d566640602c0d7d9e8da7521c12701,0.011641398387727703,0.5730732544592647,0.001,0.0005730732544592648,0.012214471642186968,579,721,30,9.888730945206703e-09,38.0,49.0,1.0,False,False,True
36,0,27,c1becd2dd5e097534fa90fdc408e91a000f4c249a5897d5bac8382d72656ef92,0.011657350343533152,0.5549836993992051,0.001,0.0005549836993992051,0.012212334042932357,579,721,31,5.492536980788998e-09,34.0,30.0,36.0,False,False,False
36,0,28,39cd8622bd2064f179b51a979d60d0348da0a83860023a6903b6baba0dcc80c3,0.01166097805272105,0.5768077669795405,0.001,0.0005768077669795406,0.012237785819700591,579,721,30,9.31621235711333e-09,51.0,51.0,45.0,False,False,False
36,0,29,7875e7e99835a8c50da785f9995a6cf3f241a4b36b5a68c0a56ab1d670eea142,0.0116573021000278,0.5200851071562868,0.001,0.0005200851071562868,0.012177387207184087,579,721,30,9.798859279541716e-09,2.0,3.0,35.0,False,False,False
36,0,30,f600eace422f26f723a937135b43f6a3fd8d3be4a75aeac1f9d14f72d2f0d29e,0.0116556691848776,0.5291257572969911,0.001,0.000529125757296991,0.01218479494217459,579,721,30,9.94841919954581e-09,7.0,7.0,27.0,False,False,False
36,0,31,57418a97ab88fae3ead451ccb41992a030dce6c5d5239bd6d9d7623c79d036de,0.011661186309843176,0.5326716278384266,0.001,0.0005326716278384266,0.012193857937681603,579,721,31,4.9107665711645154e-09,14.0,9.0,47.0,False,False,False
36,0,32,8bbae76e0657e42aefb21318b0e766031512a71593dc5315f865cea71cd6a00c,0.011665066806126985,0.5703291552554252,0.001,0.0005703291552554252,0.012235395961382409,579,721,31,4.976745793250359e-09,49.0,45.0,55.0,False,False,False
36,0,33,e7f91422efd580343c102450b956b1ca17604c6d80fa19bb3b3e58ea86781c1b,0.011657242951379073,0.5214250720947038,0.001,0.0005214250720947039,0.012178668023473777,579,721,31,4.907385053876112e-09,4.0,4.0,33.0,False,False,False
36,0,34,37a7ee0be7230bc71b402c8477c869126f79beca9af5cc7132c4c6dde02e1d72,0.011658800675541918,0.5564011512905047,0.001,0.0005564011512905047,0.012215201826832422,579,721,31,5.426826543697416e-09,39.0,33.0,41.0,False,False,False
36,0,35,a4a8ffa77df69ee184532b4f3ea0648158846a50a6db8802de2980878f935fb2,0.011655252538323842,0.5554594711842296,0.001,0.0005554594711842296,0.012210712009508072,579,721,30,9.841806924981711e-09,31.0,31.0,25.0,False,False,False
36,0,36,ab59ce9835fd1d54bb944c2b78287abafc1e902da49b34e31bbb332a0986a996,0.011658699078173749,0.5449656140925396,0.001,0.0005449656140925396,0.012203664692266289,579,721,31,4.986567492260008e-09,25.0,24.0,40.0,False,False,False
36,0,37,fa4bc963f56615907a270aecdaa81896cb601f587ec120d2f95114dfa79d017e,0.011654841031031898,0.5728012133121423,0.001,0.0005728012133121423,0.01222764224434404,579,721,31,5.0593201850190894e-09,46.0,48.0,24.0,False,False,False
36,0,38,f7920ff5014446e138ba2f5d47aef3651bc464699239fe1e721cfb2f6419bef0,0.01166177791411868,0.5165180317520526,0.001,0.0005165180317520526,0.012178295945870733,579,721,30,8.910976845299956e-09,3.0,2.0,50.0,False,False,False
36,0,39,8bf58a7595648c8eb457d61129b7f2f0aa82a44348fd010e2c7af481f6549cac,0.011657691116180266,0.5609222447359148,0.001,0.0005609222447359149,0.012218613360916182,579,721,30,9.959926883240655e-09,41.0,39.0,37.0,False,False,False
36,0,40,ba6f80e6fbb005b2713abe23f8a516ae121924d3b7311ce100786c935438f84b,0.011668033869314328,0.5616173220506862,0.001,0.0005616173220506862,0.012229651191365015,579,721,30,8.880603252769959e-09,47.0,41.0,58.0,False,False,False
36,0,41,b6d81e674af9a57cb2e02dfd4865b900c3796132a66eb0b32140e99937c4ceca,0.011653227093088563,0.5442595909697353,0.001,0.0005442595909697353,0.012197486684058298,579,721,31,5.030848515552577e-09,22.0,23.0,17.0,False,False,False
36,0,42,806e7f91fa41a298ae0579d6c775234ce674cd176e8a7a03aa962e5170fae0be,0.01165213392512001,0.5348733473135263,0.001,0.0005348733473135263,0.012187007272433537,579,721,30,9.068783390908663e-09,8.0,11.0,11.0,False,False,False
36,0,43,09427276dc247ac6c773ff8788feaa344b672378d494721adcf5f9d06ecca671,0.011668284144228656,0.5455717664118449,0.001,0.0005455717664118449,0.012213855910640501,579,721,31,4.8969407417942534e-09,36.0,25.0,59.0,False,False,False
36,0,44,e09eb1b1ad9360eb1a701edffe6e04e9ea772eba93749aa56278f38b10f6305f,0.011650947157856062,0.5632074649200797,0.001,0.0005632074649200797,0.012214154622776141,579,721,31,4.947484866235641e-09,37.0,42.0,9.0,False,False,False
36,0,45,a2224a4c42faec2d03705749f58128a0e798eb6e9830e02812efcd77579f9aff,0.011655710775292594,0.5557223407468529,0.001,0.0005557223407468529,0.012211433116039446,579,721,31,5.0687712915831185e-09,32.0,32.0,28.0,False,False,False
36,0,46,4a1c9d25bdb3c0125f4b383df8c5bff5c4af8e4598243265ec136f62e83ce90b,0.011650828850740418,0.5442252840058946,0.001,0.0005442252840058946,0.012195054134746312,579,721,31,5.430412564066955e-09,16.0,22.0,8.0,False,False,False
36,0,47,3f210653569a02438d60bfd7e609f4b0fb58b44f004e45072a16d1a95bff102e,0.011653802445197651,0.5597410565859188,0.001,0.0005597410565859188,0.01221354350178357,579,721,31,4.9219099906849806e-09,35.0,36.0,19.0,False,False,False
36,0,48,2175079ddbef82bfb3cbc2715d8e4e0591d13bd1323cbdcd9d15e1639f1ad6ee,0.011653246728578485,0.5462143073383461,0.001,0.0005462143073383461,0.01219946103591683,579,721,30,9.147454793634324e-09,24.0,26.0,18.0,False,False,False
36,0,49,cfb74de00a9389a0bdc193df0bd405cc28a4fe2c36da1f6812fc55951858b118,0.011655974097783644,0.5141353833502471,0.001,0.0005141353833502471,0.012170109481133892,579,721,30,9.490497943076548e-09,1.0,1.0,30.0,True,True,False
36,0,50,d1c211e83c7ebf8e934c3cd263c0a55e862646f0aa9ced458b90907c4e4c88b5,0.01166226800844991,0.5723543613153416,0.001,0.0005723543613153415,0.012234622369765252,579,721,31,5.015285631237987e-09,48.0,47.0,51.0,False,False,False
36,0,51,2187a9572bd539127a1a311003cf80ac32826b198bcbd9f34c8ed34055f770df,0.011654766681654593,0.5544094820798663,0.001,0.0005544094820798663,0.012209176163734459,579,721,30,9.787876398270612e-09,29.0,29.0,23.0,False,False,False
36,0,52,7e2bcb3938c7bc07107d5222800e3a875b9d23680db32009a87d6fe357ee0798,0.011657279449945126,0.6120868524110246,0.001,0.0006120868524110245,0.01226936630235615,579,721,31,5.280910930771654e-09,58.0,58.0,34.0,False,False,False
36,0,53,ca5b6cd5005bfc1a4d73b0fac097fd20be114428ecffc685f849cee5e22f197f,0.011665832026056595,0.5257092878530617,0.001,0.0005257092878530617,0.012191541313909657,579,721,31,5.25061505385338e-09,12.0,5.0,56.0,False,False,False
36,0,54,c793320b545062e7521177b3ffb47671a5c9704ab25be5db6dafbaee6b730362,0.011663223727724875,0.5743567456868086,0.001,0.0005743567456868087,0.012237580473411684,579,721,31,4.9210333585847366e-09,50.0,50.0,52.0,False,False,False
36,0,55,d5ca9e9f13b67ae2d00fa5c99a6ac378ff96d80032b4ad45f685a11d9e795dac,0.011650166499813472,0.5398716132603831,0.001,0.0005398716132603832,0.012190038113073854,579,721,31,4.993941149500358e-09,9.0,15.0,7.0,False,False,False
36,0,56,17ff9bc6bde3b9201836ee5ff553ddd5d7b2e4ff600aac3f22885a102af0b225,0.011659926310373955,0.5607213795778085,0.001,0.0005607213795778086,0.012220647689951764,579,721,30,9.518415167164562e-09,43.0,38.0,43.0,False,False,False
36,0,57,f873a8e907de7b45f40b94c9bae1b91c5b2ca97854700915b24a8dc69a5efe1c,0.011652548455944418,0.5379906093342841,0.001,0.0005379906093342841,0.012190539065278703,579,721,30,9.999517325276486e-09,11.0,13.0,13.0,False,False,False
36,0,58,bef7cd57d0d670492f48e94a1cb4bdd2de1912b16f25d10018eaa068c0cb9a2a,0.011646598171364493,0.5709218540824431,0.001,0.0005709218540824432,0.012217520025446937,579,721,31,5.031470684535577e-09,40.0,46.0,3.0,False,False,False
36,0,59,73f5db91e20f16e0c3a1e906b900151ff8b1cc1af84f0ad256764f5fcb89e9bc,0.011663479666031236,0.6486997793874341,0.001,0.0006486997793874341,0.01231217944541867,579,721,31,5.484379728137867e-09,60.0,60.0,53.0,False,False,False
36,1,0,779c1602d80e4b889fd60eaf01f61081929e5b1f6e7c02fc6486267559f83fd1,0.011653354924408627,0.5407874174943873,0.001,0.0005407874174943873,0.012194142341903014,579,721,30,9.588648985925374e-09,13.0,14.0,10.0,False,False,False
36,1,1,7aee257e0a8f7132bd27122cfb0c4289207fe52607a400d4849be8822c2074a9,0.011660578423591961,0.5265571071124822,0.001,0.0005265571071124822,0.012187135530704444,579,721,31,5.008897963065806e-09,10.0,6.0,41.0,False,False,False
36,1,2,3f8954ec8986fe7d2eb15c0bc1caec9225869805d5ab90c9ac3b507eed7baa86,0.011668883268333213,0.5623167891783364,0.001,0.0005623167891783364,0.012231200057511549,579,721,30,9.847965443121609e-09,43.0,39.0,57.0,False,False,False
36,1,3,56649fb10e41026583bd932794a4337b9db97cee0d2bb52fcb2f92bae484b6fc,0.011665438832082257,0.5641340025149713,0.001,0.0005641340025149713,0.01222957283459723,579,721,31,5.128399038767384e-09,41.0,41.0,53.0,False,False,False
36,1,4,fc14357104c06c4b37c859e87c4dde7daf5d373eea831253ebc20374c7070caa,0.011660916166407014,0.5531607250730091,0.001,0.000553160725073009,0.012214076891480023,579,721,31,4.994469948726987e-09,31.0,27.0,42.0,False,False,False
36,1,5,1d3b45561f89fced77c87d589b897d02ef8db4c33b6376c3af03b0c430d64efc,0.011658943522419075,0.5556664087015328,0.001,0.0005556664087015328,0.012214609931120607,579,721,30,9.01161600896927e-09,32.0,29.0,32.0,False,False,False
36,1,6,ad9da714517f4e2bd87a3a97fb86f5489e8872215f231048b8aac56205ea1dd3,0.011658295193491973,0.5505133242128412,0.001,0.0005505133242128411,0.012208808517704815,579,721,30,8.761523173639318e-09,26.0,23.0,28.0,False,False,False
36,1,7,b3adf6c491e06a8d82084e2568005f15a1430c025bd1373ff974fe3456e1d3ce,0.01165415840113501,0.5325921098833478,0.001,0.0005325921098833478,0.012186750511018358,579,721,31,4.9463823037498855e-09,9.0,12.0,11.0,False,False,False
36,1,8,92c7c98b30cf3efe0852be2e9afb69dfbd82a19223681961174a0cd5fc471cb9,0.011665421322698316,0.611777406657087,0.001,0.000611777406657087,0.012277198729355404,579,721,31,5.67045432831037e-09,55.0,55.0,52.0,False,False,False
36,1,9,57a149faaba0ddbc87763cd17544a02d362180ce02d3670e25d39150dd12544b,0.011665616395710055,0.5762013574596323,0.001,0.0005762013574596324,0.012241817753169688,579,721,30,8.9304014183611e-09,47.0,48.0,54.0,False,False,False
36,1,10,04b4daf60a97b0badb90907e5f2c00c5f5ddf99fc95d31ab92c237b2f5e1b43f,0.011652539478815858,0.5474030596353433,0.001,0.0005474030596353433,0.012199942538451202,579,721,31,5.186441276450182e-09,15.0,20.0,8.0,False,False,False
36,1,11,8d7509cc45717b6f3284f866120494cca2ef32ce1439eb62958173c7ef15eb9d,0.011668337833302119,0.5735165753996322,0.001,0.0005735165753996322,0.012241854408701751,579,721,31,4.883373150299519e-09,48.0,45.0,56.0,False,False,False
36,1,12,91531c1acbf39883b3fee51137e527d7c3d1726862fd4d1f3f5673af24bb14c2,0.011648525954006964,0.5283383596398085,0.001,0.0005283383596398084,0.012176864313646773,579,721,31,5.529258828573802e-09,4.0,7.0,3.0,False,False,False
36,1,13,eb78ffd231e206e9177ccd8ce05d723f24f6377d4d0a8037cef3b60583df42c9,0.011670184861280155,0.5325248348730797,0.001,0.0005325248348730797,0.012202709696153235,579,721,31,4.878224268978215e-09,18.0,11.0,59.0,False,False,False
36,1,14,63296756d6a692ca201be7894d30d552abff810990a471982693f5a3864fdad2,0.011659920658025772,0.5141836484751419,0.001,0.0005141836484751418,0.012174104306500913,579,721,31,5.276606818149787e-09,2.0,2.0,38.0,False,False,False
36,1,15,7742d3c59e8584844f5a81ae65d0102912160eb9a1169c963c8b9582f0b0bfa0,0.011662028696159812,0.5561925372951453,0.001,0.0005561925372951453,0.012218221233454956,579,721,31,5.225258559171664e-09,35.0,31.0,46.0,False,False,False
36,1,16,527ef769bb854b0222fc6944b8e6cf5d4d215066a4174af7c2ff2d725518b0e5,0.011658973886830846,0.5245557774778349,0.001,0.0005245557774778349,0.012183529664308681,579,721,30,9.921037991134085e-09,7.0,5.0,33.0,False,False,False
36,1,17,420f64d395c34f9c3b428a1e42e83043a4cb76286d359528a7674245337d6d54,0.011660288889461351,0.5483817482306043,0.001,0.0005483817482306042,0.012208670637691956,579,721,30,9.73890279531986e-09,24.0,21.0,40.0,False,False,False
36,1,18,8d23127b08d88e3b831604704053509685666e097d253200ff8cf63bd31cf62c,0.011661279877478455,0.5488837913244269,0.001,0.0005488837913244269,0.01221016366880288,579,721,30,9.564536607165053e-09,27.0,22.0,43.0,False,False,False
36,1,19,e8e716232a91101a335c1ba19a79b04290ce27ed5e36ccbb2575a4e71a511b18,0.011644734998526163,0.507412152505404,0.001,0.000507412152505404,0.012152147151031568,579,721,31,5.066837172051919e-09,1.0,1.0,1.0,True,True,True
36,1,20,edb822bc3f87ea87bfd16b466150df64ddfb1282f625eaef81cfa334f004144d,0.01166455408613993,0.5177029674753824,0.001,0.0005177029674753823,0.012182257053615314,579,721,31,5.08480579863857e-09,5.0,3.0,50.0,False,False,False
36,1,21,524af26b0811b9807a9db5869645b0a548f6ea4a7bd25594eeda2bd397caa7da,0.011655975069513205,0.5563608716023286,0.001,0.0005563608716023286,0.012212335941115534,579,721,31,5.278142478637449e-09,29.0,32.0,21.0,False,False,False
36,1,22,337383aa01297fb1853d5a40e7a3808186ebd721a765ed4d1f0fb57f4f02a631,0.011655672583194691,0.5193179460407321,0.001,0.0005193179460407321,0.012174990529235423,579,721,31,4.854806889831309e-09,3.0,4.0,19.0,False,False,False
36,1,23,ca05865ac79ce90bfbd4ad159a4c46456e4589944476d3cc89ea10af8b97bf58,0.011656037668863766,0.5344083271883254,0.001,0.0005344083271883255,0.012190445996052091,579,721,30,9.292358993384653e-09,11.0,13.0,22.0,False,False,False
36,1,24,e80b7d9df801f65e0da6ec07567e1ee7b4ee35369018a701bd274a25b5f98b32,0.011654985719652733,0.5757661425284697,0.001,0.0005757661425284697,0.012230751862181203,579,721,31,4.8798405316574645e-09,42.0,47.0,15.0,False,False,False
36,1,25,482b80202fc24c199f259a85d7781807ba5391eeaf42532b4c21a8d51486c505,0.011650167157156995,0.5951250551007043,0.001,0.0005951250551007043,0.012245292212257699,579,721,31,5.179214612738292e-09,49.0,52.0,5.0,False,False,False
36,1,26,b7c1167007e21563963250cf60598414a8dd2263eac915a1726c400829f0ff2b,0.011647988585213528,0.5600193374623915,0.001,0.0005600193374623915,0.01220800792267592,579,721,31,5.3931922261440945e-09,21.0,36.0,2.0,False,False,False
36,1,27,d9bfb5dacfba56efb09cf7ca60e65cf205c404545a811a994b349ee6bc1a4def,0.011656745452200036,0.5519092160911956,0.001,0.0005519092160911956,0.01220865466829123,579,721,31,4.989328283855343e-09,23.0,24.0,23.0,False,False,False
36,1,28,74f5708f2bc701a07d21c3a2d7a40664547250fca958713e0f4cfc8d897ea09a,0.011655419259993952,0.5453561035034201,0.001,0.0005453561035034201,0.012200775363497372,579,721,30,9.676853873763491e-09,16.0,17.0,17.0,False,False,False
36,1,29,7e6dc77af056b6eda86e9bc56f12692c849c7e11445249258ea70c56ab62d139,0.011669252026819829,0.554933361969699,0.001,0.000554933361969699,0.012224185388789529,579,721,31,4.925835739300055e-09,40.0,28.0,58.0,False,False,False
36,1,30,d656955f597cf18b0407c3b96477dcdf4de0c24c7d0d93521708d53e37e03cc7,0.011665410656536201,0.5725480059497323,0.001,0.0005725480059497323,0.012237958662485934,579,721,30,9.900150921282602e-09,46.0,43.0,51.0,False,False,False
36,1,31,22832ea71fe91d8730ceafdaf6a9cda1efbb0cdd03f21e2780b6ed73713b3611,0.01165191436939399,0.5303934571414918,0.001,0.0005303934571414918,0.012182307826535482,579,721,30,9.713890691820382e-09,6.0,10.0,7.0,False,False,False
36,1,32,723aa53377f3f718adb4bd4e54d284a5fbc843ecae233c47db38e92bdaf9e12e,0.011658467385047147,0.5588832429624018,0.001,0.0005588832429624018,0.012217350628009549,579,721,30,9.93977777863364e-09,33.0,33.0,30.0,False,False,False
36,1,33,94a46c73edf35e7fe044c96741fec1c1732e10deb7559a91a97582b68b279934,0.011654244653102443,0.6412821462455891,0.001,0.0006412821462455891,0.012295526799348032,579,721,30,9.262704936396915e-09,59.0,59.0,12.0,False,False,False
36,1,34,39c9b6ebd4a125079b4619700e9ae8a373614123a9ad0c7c1636b848269d0033,0.011658346389975623,0.5590726756560924,0.001,0.0005590726756560925,0.012217419065631716,579,721,31,4.852504398300539e-09,34.0,35.0,29.0,False,False,False
36,1,35,27c76bfe8d5cf5acc1e863b395c031e1bf20454be75213e10102a1ee726f5838,0.011654306843722569,0.5642203008337418,0.001,0.0005642203008337417,0.012218527144556311,579,721,31,4.899527006330118e-09,37.0,42.0,14.0,False,False,False
36,1,36,2baa984a27ea83224d06e7a8e4897201e9e357e9716bc4c9530b040e8418cbb5,0.011660214321943321,0.5589725993524869,0.001,0.0005589725993524869,0.012219186921295809,579,721,30,9.651163868085177e-09,38.0,34.0,39.0,False,False,False
36,1,37,cf4e7fbac54f254b378802c3b92c2b49f7f49423e3be546d62433031c12f9d20,0.01165888489871196,0.5469898112077752,0.001,0.0005469898112077752,0.012205874709919736,579,721,30,9.396838418496145e-09,20.0,19.0,31.0,False,False,False
36,1,38,797c403988ee026df2239172755ee1914912ed16c2045968109e8f34a66a8605,0.01165595793182041,0.5291662305510965,0.001,0.0005291662305510965,0.012185124162371507,579,721,31,5.015611481695714e-09,8.0,8.0,20.0,False,False,False
36,1,39,1a5e7fb077c8a80517e6c53a49790b5edc623692bc34560ffbe5f815c8f4bdd0,0.011659331749345463,0.5441904924166212,0.001,0.0005441904924166212,0.012203522241762084,579,721,30,9.446888937780784e-09,19.0,16.0,35.0,False,False,False
36,1,40,4dd275346821246571062057396c95c82a8a81203ec5e8431965dae136ac1c95,0.011663298444274318,0.60419601341247,0.001,0.00060419601341247,0.012267494457686788,579,721,31,5.181932660747179e-09,53.0,53.0,49.0,False,False,False
36,1,41,7ceba570337992127dbdfc69d70717bebddad226d499b6432c2b3810acb0233d,0.011659650524266358,0.6321410148824061,0.001,0.0006321410148824062,0.012291791539148764,579,721,30,9.913833531882688e-09,58.0,58.0,37.0,False,False,False
36,1,42,d3a213ae881ab6851631f7667c38e31347ab0f04bcdbe08a1ae471f998017f4b,0.01167065210729334,0.5754325511588463,0.001,0.0005754325511588463,0.012246084658452186,579,721,31,5.295752059097936e-09,50.0,46.0,60.0,False,False,False
36,1,43,3ee0dd4a29e1172ea061209e4de10b1db37088bf0e06b0fc53c1c1e41dee1eb6,0.011651000548743351,0.5614562856617212,0.001,0.0005614562856617213,0.012212456834405073,579,721,31,5.247357104387618e-09,30.0,37.0,6.0,False,False,False
36,1,44,c835546d66a20f57a765750c6cf45692713039edd3ddb3f9a84fb5732c92086d,0.011659383352323017,0.5621415640299577,0.001,0.0005621415640299578,0.012221524916352975,579,721,31,5.02931618573399e-09,39.0,38.0,36.0,False,False,False
36,1,45,8db419ffb9c016320b808f5efa85271c20ac036be9205c0bcfd89c70df361a66,0.011657573521866905,0.6110009897724751,0.001,0.0006110009897724751,0.01226857451163938,579,721,31,4.9419309755549534e-09,54.0,54.0,24.0,False,False,False
36,1,46,a25f4618576d69f545513bc2f2e12efa703d865a56ec1004f01a09ddfcecd739,0.011659254227699959,0.5762958315073116,0.001,0.0005762958315073116,0.01223555005920727,579,721,30,9.50920875375516e-09,45.0,49.0,34.0,False,False,False
36,1,47,9733c1250fbdd4c734636b3a166fcf5cc777f56c7179b7eb606500fbf0fa94d5,0.011655533658460724,0.6235021858577172,0.001,0.0006235021858577172,0.012279035844318442,579,721,30,9.989554961009617e-09,56.0,57.0,18.0,False,False,False
36,1,48,e61dd57b84ac68e5bef79dbba6d4f96a4a11b9d7dbd8dc3478c867e05f0e0852,0.011661898829438622,0.5728681646774744,0.001,0.0005728681646774744,0.012234766994116096,579,721,30,9.969282510624566e-09,44.0,44.0,44.0,False,False,False
36,1,49,a8ac865d3ac1da755ea4b68053b7427c422a1e2a03ed0105b8898b54ccbcbabc,0.01166197085618901,0.5294230517550987,0.001,0.0005294230517550988,0.012191393907944109,579,721,30,9.697602165736896e-09,12.0,9.0,45.0,False,False,False
36,1,50,610fd0e07133b8baf5ff0462b2a56413dffa76be007db8a2b3f137506549b38d,0.011649122085298298,0.5520109018479479,0.001,0.0005520109018479479,0.012201132987146245,579,721,31,4.86430362656165e-09,17.0,25.0,4.0,False,False,False
36,1,51,3406d4daac7101540b865688f630c9f491b956da59d9f901d3c368b5250a0263,0.011662274821617243,0.5457653960204571,0.001,0.0005457653960204571,0.012208040217637701,579,721,31,5.2175100906382e-09,22.0,18.0,47.0,False,False,False
36,1,52,9c92c71510ac2c5884c780148beb08c7f45c2be7fb4d9554971c7846a84c9526,0.011666095825011887,0.5869457713710963,0.001,0.0005869457713710963,0.012253041596382982,579,721,30,9.633183584156768e-09,52.0,50.0,55.0,False,False,False
36,1,53,1bd0714db82416f4bc83f0897338eecfa3ae5e8f3d955b08fc1ff77f603c9966,0.011654303310507678,0.5433736101636442,0.001,0.0005433736101636442,0.012197676920671321,579,721,30,9.758519103897356e-09,14.0,15.0,13.0,False,False,False
36,1,54,9f9d3aca93fb71b4a3520b70982142088a3153772d7e07f4fc53c220b40b5a3a,0.011655002764115012,0.5633632177093397,0.001,0.0005633632177093397,0.012218365981824351,579,721,31,5.025098004374229e-09,36.0,40.0,16.0,False,False,False
36,1,55,de438911f3cc31021fe11baee955217e2426df1739b5fa99b7b4d3b500fcf69f,0.011663030151014027,0.62124283974555,0.001,0.0006212428397455499,0.012284272990759577,579,721,31,5.211671094684789e-09,57.0,56.0,48.0,False,False,False
36,1,56,1701cad6522ba7775d9076d4d43c556c6cf30ccbecd35cccdb630320e09397c1,0.011652731575140218,0.5560678909932805,0.001,0.0005560678909932805,0.0122087994661335,579,721,30,9.700970915460516e-09,25.0,30.0,9.0,False,False,False
36,1,57,d0159528673d3b154f1de3a753fcfc0758cbb1ccd54ac6c5baf609451f58f5d8,0.011657816134061758,0.5892259265186253,0.001,0.0005892259265186252,0.012247042060580382,579,721,30,9.479131590772738e-09,51.0,51.0,26.0,False,False,False
36,1,58,4e9b810fd6db77ed67d00fe88e37c6bff03805e695e14cbfc1e307ad6c090c04,0.011658088659696393,0.5527988380986886,0.001,0.0005527988380986886,0.012210887497795081,579,721,31,5.095687871659038e-09,28.0,26.0,27.0,False,False,False
36,1,59,64956b3c98fc7d5f771639cff2cda35e51706a36a23acd2187eeb9a30b5fecda,0.011657669690818445,0.7155660746464052,0.001,0.0007155660746464052,0.01237323576546485,579,721,31,5.010116987946844e-09,60.0,60.0,25.0,False,False,False
36,2,0,f86c52cc71cb07913ef5c4c15bd62b9e199c6507dceb5272388fc5f5d138e94d,0.011656879656968688,0.5426851165699464,0.001,0.0005426851165699465,0.012199564773538634,579,721,31,5.0712233301553056e-09,18.0,18.0,33.0,False,False,False
36,2,1,d46b0d33733e40f9effe10baeb04c32717acef6073683e4086cb77bd3a8d5290,0.011657503911310955,0.5848036949731672,0.001,0.0005848036949731672,0.012242307606284123,579,721,31,5.293126492667e-09,44.0,45.0,36.0,False,False,False
36,2,2,89fc6a12a8870ba7ed7fa39f5a2e2f508467263d4c6d033e2d0fc69ce4c2ed8a,0.011645221578297256,0.6614420325605411,0.001,0.0006614420325605411,0.012306663610857797,579,721,31,5.1764528219422346e-09,60.0,60.0,3.0,False,False,False
36,2,3,e94dd56e3481f731ad39cd390538e58e00b9773d7c56d2062132366f03b07b6f,0.011657971284430628,0.5418107071253011,0.001,0.0005418107071253011,0.01219978199155593,579,721,31,5.125169844077959e-09,19.0,17.0,38.0,False,False,False
36,2,4,6d4b558641ca50788a940f004fd387c7202648b2d83a2264296eba9a7945378b,0.011653413762592827,0.5378220104452366,0.001,0.0005378220104452366,0.012191235773038064,579,721,31,4.914808782174873e-09,9.0,12.0,18.0,False,False,False
36,2,5,53706734a42dcabacbe35c954fbd8fd5a1f5735c3151684e14a103d0a932aa0f,0.011666418792529646,0.584612408011705,0.001,0.000584612408011705,0.01225103120054135,579,721,30,9.530569666793554e-09,47.0,44.0,60.0,False,False,False
36,2,6,1c140ece7b61be8b8a5ed057803d81715154ddc89af13b11d4264e96bc6b008f,0.01164997179216219,0.5335416007110001,0.001,0.0005335416007110002,0.01218351339287319,579,721,30,9.521852195604197e-09,4.0,8.0,11.0,False,False,False
36,2,7,44c00e2ee87d0f1e38bf315feb4e72c7f44e6e2f04da89f4a595a26f78dd9eb6,0.01164942656097199,0.6091310523193944,0.001,0.0006091310523193943,0.012258557613291384,579,721,31,5.142802517177358e-09,50.0,54.0,10.0,False,False,False
36,2,8,95d8e87445517b9de2fbbca81476d946e383993e27c2cb7d76d5212f8387fc0c,0.0116508922055859,0.5496514408820558,0.001,0.0005496514408820558,0.012200543646467957,579,721,31,5.048299112075938e-09,21.0,24.0,13.0,False,False,False
36,2,9,ef65cd0de4266341aa71be1cb6a043430cf419f467fbf11af2c39b80effa4ad0,0.011648402490756753,0.6072427931502173,0.001,0.0006072427931502174,0.01225564528390697,579,721,31,5.05708308562447e-09,49.0,51.0,8.0,False,False,False
36,2,10,0ff479fe8912e6b1b52104d5feba5ed412d91a163f102a0c18d148e8857b0158,0.011656540676930446,0.5968350225987478,0.001,0.0005968350225987477,0.012253375699529194,579,721,30,9.997403571659902e-09,48.0,48.0,32.0,False,False,False
36,2,11,ae9ef04994d53eae855e6b101b1728547cc91c140dfb874f4c7195962c136611,0.011654143810151903,0.5721852519675195,0.001,0.0005721852519675195,0.012226329062119422,579,721,30,9.804241196675889e-09,43.0,42.0,21.0,False,False,False
36,2,12,3ecee16cc97e64db4d0c7c39f3b5feeaafb440681ddc25757c33d9aaf3f10518,0.011651478529995438,0.5590920052632579,0.001,0.0005590920052632579,0.012210570535258695,579,721,31,4.9821614611644804e-09,28.0,36.0,15.0,False,False,False
36,2,13,419a11c5e418dc57ace4e2cc23183aa6714ed707273bec88ae41eceeab5c4e7e,0.011655138355439644,0.5561831127432002,0.001,0.0005561831127432002,0.012211321468182844,579,721,30,9.799064226712062e-09,30.0,34.0,27.0,False,False,False
36,2,14,54d96d9c555ec9ab21078d4459904223d6963a298e0c7823ad715c59b4d8d99b,0.011648271366939725,0.5267325301297815,0.001,0.0005267325301297815,0.012175003897069506,579,721,31,5.252544954537086e-09,2.0,3.0,7.0,False,False,False
36,2,15,0a10f7680febb118fbea8a609261986deb0c4dc4a7717606a712534d904be19c,0.011653836090964948,0.5952231985691487,0.001,0.0005952231985691487,0.012249059289534098,579,721,30,9.537535206050052e-09,45.0,47.0,19.0,False,False,False
36,2,16,9508e685bbe81d0abeffe37c7ad9342b5d11cff42317aed8c4bbcd76ae5ac042,0.011655927339234366,0.5703293315817093,0.001,0.0005703293315817093,0.012226256670816076,579,721,30,9.605719664129708e-09,42.0,41.0,31.0,False,False,False
36,2,17,f322532d82a50fe7163675bd1e7dc280bdbb29e2083444cc590ca65b838deef7,0.0116375823749522,0.5560010010421693,0.001,0.0005560010010421694,0.012193583375994368,579,721,30,9.718076898757033e-09,10.0,32.0,1.0,False,False,True
36,2,18,9d107c68bd22ad4812873784831f9d5476239429c3757848f7645c4c48015f8f,0.01165834239688691,0.5452386906789277,0.001,0.0005452386906789278,0.012203581087565838,579,721,31,4.99701691136778e-09,24.0,19.0,40.0,False,False,False
36,2,19,6081ce28b4125649d5491143fe575152d0f883db8e40be80f512639d5c3e70ed,0.011653946523705888,0.6174857674377444,0.001,0.0006174857674377444,0.012271432291143632,579,721,31,4.9362161025356954e-09,56.0,57.0,20.0,False,False,False
36,2,20,22f5452a9538c78dcc0bc4d718061d68043a996a3d7b637a40c46774a9829eaa,0.011659852514760871,0.5573173345663246,0.001,0.0005573173345663246,0.012217169849327195,579,721,31,4.961184241203398e-09,36.0,35.0,44.0,False,False,False
36,2,21,8a29f782ded3dfcae4666e46d5664e29f67dab1bff0fdb185074052b64618c82,0.011658361096137243,0.5275054348684187,0.001,0.0005275054348684188,0.012185866531005661,579,721,30,9.260952116285637e-09,6.0,5.0,41.0,False,False,False
36,2,22,a0aa972a15a802c9a12a5b842e17e775ba19eebcff12fbb6ff4f6c4b824d0370,0.011663087310017719,0.5267656580165266,0.001,0.0005267656580165267,0.012189852968034246,579,721,30,9.9322287061554e-09,7.0,4.0,56.0,False,False,False
36,2,23,6617d7e2612be2b55b55ab558b799d8e6de303d2bb8abad536e30a08abfb875a,0.011661197094886638,0.5517330900325715,0.001,0.0005517330900325716,0.01221293018491921,579,721,31,4.901918093658253e-09,31.0,25.0,50.0,False,False,False
36,2,24,886eac1c7475025459df8c21b948f5d4e880c52fe44c909759f91b92cc4a46f4,0.011650079086281993,0.5481061871176244,0.001,0.0005481061871176244,0.012198185273399617,579,721,30,9.93923354730697e-09,16.0,22.0,12.0,False,False,False
36,2,25,e6195e0e29fa5708280b812d801998cc357616a0c7196df1810a650222b5893d,0.011654902819833326,0.5387795964660174,0.001,0.0005387795964660174,0.012193682416299343,579,721,31,4.883974669134261e-09,12.0,13.0,25.0,False,False,False
36,2,26,8598fcc8dd09633fa11e12611bd063c4689a908d34fd24bcad76652c27d61172,0.01165505002102135,0.5303064529276773,0.001,0.0005303064529276773,0.012185356473949027,579,721,30,9.939687628524041e-09,5.0,6.0,26.0,False,False,False
36,2,27,63783154220a0c7f57c320c0abc7c6bbdd327522d57a3509057268090e10aced,0.011654451188291495,0.5392003303170053,0.001,0.0005392003303170053,0.0121936515186085,579,721,31,4.999662128746252e-09,11.0,14.0,23.0,False,False,False
36,2,28,1230285c318264fafa0369121942bed2030a0f784c49b5e26cdcf1ef491c5892,0.011661345153211971,0.5359533267981427,0.001,0.0005359533267981427,0.012197298480010114,579,721,30,9.648384757809936e-09,15.0,9.0,51.0,False,False,False
36,2,29,ebded55a04a02ee7d87a0e7af10015df4fa4d52541d912981fd9025c0f655a66,0.01165429693053679,0.5473383431134441,0.001,0.0005473383431134441,0.012201635273650233,579,721,31,4.854521673536283e-09,23.0,21.0,22.0,False,False,False
36,2,30,dead62a11319bde8cb49ef04755f1a00dff0d1132fecfd90bcce54bfee3e83ae,0.011662244624300218,0.6070925021190676,0.001,0.0006070925021190676,0.012269337126419285,579,721,31,5.455210616567285e-09,54.0,50.0,53.0,False,False,False
36,2,31,81a279ee44572bbad5d3a9ea11feb3487d8a78c7fe6d0f70766a46d0c19afda8,0.011653318622747308,0.5471163253444067,0.001,0.0005471163253444067,0.012200434948091714,579,721,30,9.751344509645321e-09,20.0,20.0,17.0,False,False,False
36,2,32,680072c4599049d7b50790f7e8de2b71182cf9f2d0973b181a57c818ede46267,0.011661769667008062,0.553897772900746,0.001,0.000553897772900746,0.012215667439908809,579,721,31,4.854031065981701e-09,34.0,27.0,52.0,False,False,False
36,2,33,1b14d0572266aadab0a02068b913adff4510aa27f19f0a2a53586d5d8298c9b9,0.0116602504538659,0.5905414436938162,0.001,0.0005905414436938163,0.012250791897559716,579,721,31,5.149452975139468e-09,46.0,46.0,47.0,False,False,False
36,2,34,14de5432fa3694a0838e3e11413e862cf890fb9b69a5aac0b46a28589275ea5c,0.011662413315377394,0.536846282759782,0.001,0.000536846282759782,0.012199259598137176,579,721,30,9.108997778284333e-09,17.0,11.0,54.0,False,False,False
36,2,35,b4e6ded0c5300ce8cff32534e70ce037466495aac130d7e744aba96020e288c0,0.011656930468709763,0.564000987081609,0.001,0.000564000987081609,0.012220931455791373,579,721,31,4.858620172853989e-09,39.0,38.0,35.0,False,False,False
36,2,36,23759de8f703597a1e433416469857cc4138a8c3f184e84836d48c58137ca520,0.011655880025413953,0.555411478916075,0.001,0.000555411478916075,0.012211291504330028,579,721,31,4.995469482516057e-09,29.0,30.0,30.0,False,False,False
36,2,37,a106b692f19170693336c54795c164035e5204a7353c2b4d18b65a93f3fac28c,0.011662456108735429,0.5319503533760656,0.001,0.0005319503533760656,0.012194406462111495,579,721,30,9.12606046288289e-09,13.0,7.0,55.0,False,False,False
36,2,38,a6bea2bf8301f2cd443b0d1521200000c13970ac69c62c87f77d5824039d7c86,0.011663844592374299,0.6079559994493243,0.001,0.0006079559994493244,0.012271800591823622,579,721,31,5.134506819715057e-09,58.0,52.0,58.0,False,False,False
36,2,39,cd587d36da11dd045692cfd9e9efced700a61c8aae6dbf8eb20d959ec0f069dc,0.01166410869035584,0.5536619454728894,0.001,0.0005536619454728894,0.01221777063582873,579,721,30,9.643122411695515e-09,37.0,26.0,59.0,False,False,False
36,2,40,5c9c98ea640000271f980a4e21c5ff1782b598d2674cc4ec8283c2b265f7c28b,0.011663663252868852,0.605069826291589,0.001,0.000605069826291589,0.01226873307916044,579,721,30,9.22221443655502e-09,53.0,49.0,57.0,False,False,False
36,2,41,3e3f2b0eba6447431546af1f7926a98aa3d7f97aa6a8024a60080a9be779c18d,0.011659990827371274,0.5410218744768159,0.001,0.000541021874476816,0.01220101270184809,579,721,31,5.026380534012276e-09,22.0,16.0,45.0,False,False,False
36,2,42,084d4aa73f7d8cc632c91418fe54861b79d3cd2315a4994e73b5669010764972,0.01164705212916167,0.5680112789238713,0.001,0.0005680112789238713,0.012215063408085543,579,721,31,5.0686366215302314e-09,33.0,40.0,6.0,False,False,False
36,2,43,0f9050f45cfdcfa40dbc26e4e079cb2c66825ba85dfadb4c0b3f24cec40b43a1,0.011657996587437942,0.5669958991670268,0.001,0.0005669958991670268,0.012224992486604969,579,721,30,9.717809668075006e-09,41.0,39.0,39.0,False,False,False
36,2,44,fcf1b240c1ff5657a23f88e5f4d17f9920ea5f7dc3bb980f7df954ff87ec8e15,0.011660509586704846,0.5558814103862013,0.001,0.0005558814103862013,0.012216390997091047,579,721,30,9.388291144496463e-09,35.0,31.0,48.0,False,False,False
36,2,45,76c55d06a6c5a2f41aec7329bac86309580bcb0387f268ed0f34be8e4aee352e,0.011645050371538776,0.6252733126220179,0.001,0.0006252733126220179,0.012270323684160794,579,721,31,4.924297525299437e-09,55.0,58.0,2.0,False,False,False
36,2,46,d5e57c1b3f2ebbbe5bbdcbed6010b81d1b4174eca95828b79e73869534de5652,0.011655482932438796,0.6084913026520836,0.001,0.0006084913026520836,0.01226397423509088,579,721,31,4.936890563023155e-09,51.0,53.0,29.0,False,False,False
36,2,47,f9be495f0f32360d4d31bdaa62cb3a8bb4f964432920f7226d67aa8060f9f136,0.01165690718254,0.5561014054782658,0.001,0.0005561014054782658,0.012213008588018265,579,721,31,5.2714462794867245e-09,32.0,33.0,34.0,False,False,False
36,2,48,fe0713d215bebd488472eee7d64736d6d6eb7dee51821587c886aab634bd4eea,0.011645295242963474,0.5726537191627389,0.001,0.0005726537191627389,0.012217948962126213,579,721,30,9.754255292371283e-09,38.0,43.0,4.0,False,False,False
36,2,49,fdbae10b6de7e6059dea068aa708031aa1df61078ec263228514b644c951b755,0.011660019486832589,0.5360997121271003,0.001,0.0005360997121271003,0.012196119198959689,579,721,31,4.850092438779541e-09,14.0,10.0,46.0,False,False,False
36,2,50,be6e3695623e9c38ea626c9a8c98a9ec08f329b938c1515ea603dd299d8cadf8,0.011651352521945274,0.5396408021222832,0.001,0.0005396408021222832,0.012190993324067556,579,721,31,5.2317383758548885e-09,8.0,15.0,14.0,False,False,False
36,2,51,483773e8dae5c823bd50b7aad32fbe849bf96a1851c7d1e1257e2cb6457d9fa2,0.011657651402874544,0.5481355399021117,0.001,0.0005481355399021118,0.012205786942776657,579,721,30,9.827192948286267e-09,25.0,23.0,37.0,False,False,False
36,2,52,29747046a8c89f12a24d3024703f667f8758ee060f711f1ccc768edba7a27496,0.01166066530785786,0.5218830780244338,0.001,0.0005218830780244338,0.012182548385882293,579,721,30,8.920912675236536e-09,3.0,2.0,49.0,False,False,False
36,2,53,5e2a87a0c3443df0fe9a40fcfdfe7385306dddb753add75f4313d055bfae0747,0.01165216849446331,0.5104763995950449,0.001,0.0005104763995950449,0.012162644894058355,579,721,31,5.140732506347945e-09,1.0,1.0,16.0,True,True,False
36,2,54,6988e778b9932614489b8e7cacf4113cf4ff3a445e12d00650032eb45319a6b6,0.0116595958355411,0.5614464300163675,0.001,0.0005614464300163675,0.012221042265557468,579,721,31,4.909877171499488e-09,40.0,37.0,43.0,False,False,False
36,2,55,9602d60219dd03592d8fdb3f69727298de607b19b73f473f6a35cd7a8530e874,0.011654896309393068,0.5539800514818762,0.001,0.0005539800514818762,0.012208876360874945,579,721,31,4.990948432315179e-09,26.0,28.0,24.0,False,False,False
36,2,56,33158fd13733c2e8b7864053d15f8fae4bad65007883cd4e6beedb68498f666a,0.011645892629977849,0.6459303160243883,0.001,0.0006459303160243884,0.012291822946002237,579,721,30,9.717270432751945e-09,59.0,59.0,5.0,False,False,False
36,2,57,1cc13565ac5bd5a79098090e1c439bf8bd01fcff5eba8970975b85f2d68b9ec5,0.011659369756106956,0.6123092275037612,0.001,0.0006123092275037612,0.012271678983610717,579,721,30,9.994960525894214e-09,57.0,55.0,42.0,False,False,False
36,2,58,f69c85aca0ae0e8d575cb1bc56d531e3a94feef19f163efe7c4333869918ae01,0.011655199137528728,0.5541177222980169,0.001,0.0005541177222980169,0.012209316859826744,579,721,31,4.933783603888742e-09,27.0,29.0,28.0,False,False,False
36,2,59,6515594200aaf1eb611b727cfb0c30e828d1b7cb63e32508b0ead1323fc4d335,0.01164914392772878,0.6154122309050251,0.001,0.0006154122309050251,0.012264556158633805,579,721,31,5.2020504570648995e-09,52.0,56.0,9.0,False,False,False
